update,total_steps,episodes_in_rollout,mean_recent_total_pnl,std_recent_total_pnl,approx_kl,clip_frac,entropy,policy_loss,value_loss
1,2048,96,-0.8176039013149471,3.3328903239925887,0.004286978432598214,0.051513671875,-0.17825608452161154,-0.005672021245118231,99.21129755179088
2,4096,96,-1.0492746765259513,3.0268810576155145,0.0032876591285457835,0.024739583333333332,-0.16856233278910318,-0.004253669544899215,40.40744984149933
3,6144,96,-1.0161899694337804,2.867350653432908,0.00428697078799208,0.018229166666666668,-0.15621675054232279,-0.0012988043793787558,10.678229361772537
4,8192,96,-0.9412569304070427,2.8312710600603612,0.003085163809979955,0.010498046875,-0.16097403317689896,-0.0024050203816538365,16.20535198847453
5,10240,96,-0.9825615805274975,2.677809286771187,0.0005550366137564803,0.027425130208333332,-0.17352931946516037,-0.0013373599504120648,15.369342674811682
6,12288,96,-0.9876746072776842,2.7966946509726975,0.0018804876502448071,0.009847005208333334,-0.18288916846116385,-0.00035869375763771433,40.06044073899587
7,14336,96,-0.9442046582155189,2.8507131491000663,0.0013347973726922646,0.014404296875,-0.1873092403014501,-0.0016547568375244737,10.609277993440628
8,16384,96,-0.9512041537884364,2.7780882087302112,0.0020202294253977016,0.013590494791666666,-0.2016566147406896,-0.0014055136998649687,9.662916829188665
9,18432,96,-0.9679625323168491,2.9983206381509655,0.00031675231002736837,0.0,-0.21860397855440775,-6.790730791787307e-05,206.4839670062065
10,20480,96,-0.9065226219595823,2.8045308581307404,0.003007033359608613,0.011311848958333334,-0.22029737631479898,-0.00044271277147345245,9.190644264221191
11,22528,112,-0.9275562416484503,2.702513525555145,0.001176095431825767,0.009847005208333334,-0.21751585602760315,-0.00062512182436573,13.677945246299108
12,24576,96,-0.8660965820302299,2.868943511379327,0.003557922192461168,0.031575520833333336,-0.21762535472710928,-0.003252357850821378,37.516979525486626
13,26624,96,-0.6886810228868617,2.728478864269937,0.0005318313245273506,0.004801432291666667,-0.21718301872412363,-0.001760028739226982,38.11015188694
14,28672,96,-0.6949200024056839,2.7911761015791607,0.0020302764654237158,0.007405598958333333,-0.2215848664442698,-7.154637326796849e-05,7.407640765110652
15,30720,96,-0.6600912635561378,2.8773041150073233,0.004386945399649751,0.06494140625,-0.22747652480999628,-0.0021971864722824344,33.57882071534792
16,32768,96,-0.6960236657410118,2.6835816916463298,0.0012021000390329088,0.010498046875,-0.22958792497714361,-0.0011238848989402566,9.876968080798784
17,34816,96,-0.7745009155408178,2.5674422794810208,0.0024429390468867496,0.005452473958333333,-0.2323131486773491,-0.0006860115487749378,10.368591417868933
18,36864,96,-0.7320796544243034,2.6104792370183034,0.0037755708763143048,0.015950520833333332,-0.24211589246988297,-0.0018365841242484748,10.565364489952723
19,38912,96,-0.6267323685200455,2.515382695683532,0.0010614812781568617,0.033040364583333336,-0.2494130233923594,-0.0028576749027706683,4.941107829411824
20,40960,96,-0.5266918114254879,2.5513320633912624,0.001137916949422409,0.023356119791666668,-0.2565344547231992,-0.001655674500701328,6.850168506304423
21,43008,112,-0.518204352553994,2.9635216056438103,-0.0002693681065769245,0.0,-0.25893813868363696,-4.7629529338640474e-05,84.91062498092651
22,45056,96,-0.6121093303206365,3.104731288135332,0.000710787246741044,0.0,-0.2595952898263931,-0.00014609371040326854,48.677697678407036
23,47104,96,-0.8044785286151627,3.166937254929626,0.002167776032971839,0.0030110677083333335,-0.25862256934245426,-0.0005951846978859976,27.480465352535248
24,49152,96,-0.9085033347394753,3.304394144252441,0.0019780338916461915,0.013916015625,-0.26607536524534225,-0.0009003157028928399,18.41163170337677
25,51200,96,-0.9055839271553779,3.047867593278116,0.0058052592891423655,0.017659505208333332,-0.2727787072459857,-0.0009214244006822506,8.405213077863058
26,53248,96,-0.817287800291682,2.8226738914234684,0.00231909135375948,0.018310546875,-0.2791801740725835,-0.0017005187013031293,19.063899050156277
27,55296,96,-0.6486998921063651,2.868011409212329,0.0030707519569356614,0.04296875,-0.2834347014625867,-0.003855887334793806,15.934177547693253
28,57344,96,-0.5873829904079446,3.006555196312768,0.0004894750212163975,0.0005696614583333334,-0.28332269936800003,-0.0008580334639797608,128.06311611334482
29,59392,96,-0.6836584628533742,3.3639962964076022,0.0060729416873073205,0.061686197916666664,-0.2820947766304016,-0.004656891309423372,128.99329662322998
30,61440,96,-0.852024300485961,3.5875957646251164,0.0004702941805589944,0.010172526041666666,-0.27967170377572376,-0.0011346595808087538,74.33252831300099
31,63488,96,-0.7914640866942855,3.491739081300318,-3.445920689652363e-05,0.008951822916666666,-0.2782704879840215,-0.0003078079510790606,7.346515079339345
32,65536,112,-0.7410281890880768,3.2445298688840705,0.0025757983967196196,0.007161458333333333,-0.28058258692423504,-0.0007525753268661598,9.219467997550964
33,67584,96,-0.6754545396483062,3.0065468943185647,0.0022579892586994297,0.012613932291666666,-0.283218855659167,-0.0015821311681065708,12.819910933574041
34,69632,96,-0.5755428375726832,2.9968193112533985,0.0006150634289951995,0.0,-0.2933331976334254,-4.1263915287951626e-05,69.71427925427754
35,71680,96,-0.7752816804435547,3.0979531645230542,0.002940489115038266,0.013427734375,-0.29225898037354153,-0.000580953317694366,17.32093705733617
36,73728,96,-0.9075870012222049,3.2805188539538324,0.00010485132224857807,0.0,-0.2921861583987872,-9.440605936106294e-05,47.74946165084839
37,75776,96,-1.0813574679991473,3.5871858220783657,0.00759871053257181,0.07137044270833333,-0.29086912671724957,-0.0036736771871801466,156.08592160542807
38,77824,96,-0.7988558513076721,3.3006957193498385,0.001050008392970388,0.005126953125,-0.29181507726510364,-0.0005316438425021867,7.667591571807861
39,79872,96,-0.6441347221244351,3.246521990594693,0.0009115537444207197,0.0029296875,-0.29658716668685275,-0.0003661928349174559,12.03574917713801
40,81920,96,-0.608475904421783,3.206863321793778,-0.0005018646237052357,0.0022786458333333335,-0.2943169300754865,-0.0002734050018868099,23.748201727867126
41,83968,96,-0.4649540217494217,2.8410535434651636,0.001907092237767453,0.017903645833333332,-0.3021019871036212,-0.0005052994723276546,13.68771400054296
42,86016,112,-0.537239182220071,3.0405109658296787,-0.0004595506567663203,0.00048828125,-0.30527446915705997,-0.0009268769063055515,106.83154833316803
43,88064,96,-0.787225300709519,3.2436770333828644,0.0014929757502007608,0.0087890625,-0.3017331485946973,-0.0008942453714553267,34.691139817237854
44,90112,96,-0.6900884245821728,3.2843503419767504,0.004422831921450173,0.025716145833333332,-0.30587497850259143,-0.0021477110616009063,59.943336725234985
45,92160,96,-0.8766104695564566,3.3254188446499215,0.0013878995911606278,0.005615234375,-0.3047482545177142,-0.0007886225163626174,15.674715240796408
46,94208,96,-0.9993689189687842,3.356094762844681,0.0017185798448432859,0.012532552083333334,-0.3010792111357053,-0.0018987707517226227,102.98728426297505
47,96256,96,-0.80704975871448,3.259212447366498,0.0009227387393669536,0.0023600260416666665,-0.3057330871621768,-0.000334693012215818,18.191951642433803
48,98304,96,-0.868386933615657,3.1237132573366524,0.001573730944073759,0.006103515625,-0.31376610696315765,3.954698331654072e-05,6.894240031639735
49,100352,96,-0.6224743156069559,2.8728989215313563,0.0024475953444683305,0.019612630208333332,-0.32770224660634995,-0.0011743926637185116,8.50575057665507
50,102400,96,-0.6296034037754642,3.1143718674115286,0.003186796704540029,0.010416666666666666,-0.32284311950206757,7.133550631503265e-05,100.47838123639424
51,104448,96,-0.6973688627400206,3.157765859751897,-8.225959997313717e-06,0.0,-0.32102474321921665,-4.189907728383938e-05,150.65930859247842
52,106496,96,-0.7646509494252299,3.1797936367794417,-0.00038271632123117644,0.0,-0.32174380123615265,0.00013557716738432646,8.415173202753067
53,108544,112,-0.6919148409584197,3.1483886032400545,0.003562126182562982,0.019449869791666668,-0.33106570690870285,-0.0024551136884838343,6.020707075794538
54,110592,96,-0.6311059734415122,2.897014188400331,0.000651658852196609,0.012125651041666666,-0.3427211493253708,-0.0010637749607364337,16.863074590762455
55,112640,96,-0.5318332283542941,2.652644770792201,0.0032461660351449004,0.01171875,-0.345883347094059,-0.00030942234055449563,21.653483013312023
56,114688,96,-0.60358848841839,2.6861381675666856,0.0024626299515754604,0.010579427083333334,-0.3473646168907483,3.67733397676299e-05,14.692430098851522
57,116736,96,-0.6563621112627497,2.8433689282781436,5.740936709723125e-05,0.010904947916666666,-0.3374381934603055,-0.0005538275193733474,12.23977056145668
58,118784,96,-0.5854550462194027,2.7826940379983944,0.004672345598616327,0.029052734375,-0.3243226408958435,-0.0015760505145105224,7.736723432938258
59,120832,96,-0.5905057033141888,2.7218311998192455,0.0007091770870223021,0.0,-0.3272814229130745,-3.2994187980269395e-05,14.740476856629053
60,122880,96,-0.37663060458280884,2.757435834539696,0.0011555338666463892,0.01611328125,-0.32931777586539585,-0.0006880594349543875,6.530739530920982
61,124928,96,-0.43482004610690267,2.6782061879390264,0.002131718094460666,0.007486979166666667,-0.33062078803777695,-0.0002192622923757881,9.813634097576141
62,126976,96,-0.5776533818305903,2.8329775141497358,0.0021616910477556908,0.00830078125,-0.33229922751585644,-0.0017136616855471705,23.43890215953191
63,129024,112,-0.6852886434601401,3.0565337248282907,0.0003722878124487276,0.0,-0.33252079288164776,-8.757124305702746e-05,32.611575404802956
64,131072,96,-0.8954926564910002,3.0455064626719612,0.0038519789619992175,0.014078776041666666,-0.33001337945461273,-0.0005807942701115584,21.986531575520832
65,133120,96,-0.9384783910801029,3.0802312399703866,0.00202424920280464,0.020263671875,-0.33536456028620404,-0.00048395585812007386,15.187278926372528
66,135168,96,-0.8717163336283212,3.0075238245933016,0.0015475737503341709,0.009358723958333334,-0.3384966279069583,-0.0011622737705086668,21.154837409655254
67,137216,96,-0.9132063888410782,3.087183626623943,0.002539063226625634,0.010660807291666666,-0.3433597932259242,-0.0010148291088019807,27.002389748891193
68,139264,96,-0.7467755015596871,3.0047959525732715,0.0029653856424071514,0.015625,-0.3494935979445775,-0.0015867608793390293,15.533094783624014
69,141312,96,-0.7757984753296132,3.0626347566645373,0.004582712766326343,0.02880859375,-0.3563363030552864,-0.0008491995395161211,7.86121267080307
70,143360,96,-0.547864967508071,3.0670478761015163,0.004165927918317418,0.035074869791666664,-0.3596381147702535,-0.0008790936068786929,33.83185096581777
71,145408,96,-0.5431727852079732,2.889437430144644,0.0024047408223850653,0.01025390625,-0.36228640129168826,0.0005255469004623592,12.546490351359049
72,147456,96,-0.5079699041963169,2.76187491027327,0.0005778863657421122,0.00439453125,-0.3662089953819911,-0.0002244242593102778,13.017006824413935
73,149504,96,-0.5756795635128243,2.9206505089974217,0.002141624679400896,0.00634765625,-0.36693843205769855,-0.00037352450938972953,29.260785579681396
74,151552,112,-0.7499386889533207,3.0205047295272776,0.002748898356609667,0.026041666666666668,-0.37026897817850113,-0.004080280176519106,43.43742422262827
75,153600,96,-0.6582258484487119,3.0214892689143853,0.001361027791669282,0.0033365885416666665,-0.3727587088942528,-0.0003565815859474242,12.757000535726547
76,155648,96,-0.6958052321021849,3.104046290428734,0.0013971616717753932,0.005045572916666667,-0.37596341222524643,-0.0002786697392972807,17.5465367436409
77,157696,96,-0.6121615044969296,3.0705711971016125,0.004246248926695746,0.044189453125,-0.37625652551651,-0.0028656422218773514,25.155361433823902
78,159744,96,-0.4512973362932479,2.880180081611995,0.0017597858289567132,0.014078776041666666,-0.3801315998037656,-0.001567564788274467,12.66285765171051
79,161792,96,-0.7052906937915515,2.9561255725597406,0.0037018616373340287,0.032389322916666664,-0.3850664645433426,-0.001778937119524926,13.317901651064554
80,163840,96,-0.7446325114685132,2.9282164977594607,0.0008865704342800503,0.0517578125,-0.38758111248413724,-0.0032075970666483045,14.433603723843893
81,165888,96,-0.6306687014954369,2.9028240192822627,0.0004271142000410085,0.008463541666666666,-0.3981185058752696,0.0002596240471272419,17.308484812577564
82,167936,96,-0.6711957246973594,2.9005973487252925,0.004403444298077375,0.019938151041666668,-0.4079994410276413,-4.785377920294802e-06,13.051527152458826
83,169984,96,-0.5621212071401922,2.833547450969153,0.0020061720230539017,0.010498046875,-0.41225093851486844,0.0005234053824096918,24.83623097340266
84,172032,112,-0.5010325451340889,3.0327602069261066,0.0009451545871949444,0.00146484375,-0.41584454228480655,-0.0005020492535550147,23.283712565898895
85,174080,96,-0.5431345809785241,3.1307834178723004,0.0010083609377034009,0.00244140625,-0.41736142585674924,-0.00033580470214171026,31.045678158601124
86,176128,96,-0.6080497510300811,3.29522516469688,-0.00046714014024473727,0.0033365885416666665,-0.41288812706867856,-0.0014809618975656729,90.05950289964676
87,178176,96,-0.5739977112421074,3.250484922557977,0.0001195683047020187,0.010416666666666666,-0.40933042764663696,-0.0007566094767147055,21.620215038458507
88,180224,96,-0.611828446703443,3.2138986026110827,0.004425725792922701,0.034586588541666664,-0.4108509421348572,-0.0022133687355866036,19.584529956181843
89,182272,96,-0.5932813358112362,3.0723080482561946,0.0015189227948818977,0.0010579427083333333,-0.4192285140355428,0.00017328172301252684,16.047999640305836
90,184320,96,-0.6642772991711954,2.97833591869307,0.001346644465229474,0.025716145833333332,-0.4234472413857778,-0.002860538603272289,14.366594811280569
91,186368,96,-0.7781682030661863,2.9664402343470866,0.0016211366407029952,0.010416666666666666,-0.4350495586792628,0.00013081485910030702,10.871995210647583
92,188416,96,-0.7406957322674114,2.8499299209258373,0.0023477160963617885,0.015950520833333332,-0.445882149040699,-3.2489585767810546e-05,18.53812978665034
93,190464,96,-0.9243050835511233,3.089688251197414,0.0024570252668733397,0.030354817708333332,-0.4465683400630951,-0.001681481294023494,139.68295395374298
94,192512,96,-0.8465906482771044,3.1244304850710716,0.005315869673116443,0.03662109375,-0.4507640575369199,-0.0018039790932865192,18.80131681760152
95,194560,112,-0.8489141629550885,3.5492736748915923,0.0009586541273165494,0.03759765625,-0.4635154555241267,-0.003977652522735298,78.55664622783661
96,196608,96,-0.7631924622259177,3.544338689204853,0.002187495648589296,0.02880859375,-0.46853654831647873,-0.0023012511567988745,25.318380614121754
97,198656,96,-0.6579120116935031,3.5339471479465723,0.0025984921909791106,0.06396484375,-0.46894626567761105,-0.0025215217319782823,61.71145570278168
98,200704,96,-0.703642165252069,3.558430779383967,0.0028000440458223843,0.053955078125,-0.46889996776978177,-0.003583983712208768,28.525743226210277
99,202752,96,-0.7686616361870057,3.362474079343578,0.0016751269237526383,0.065185546875,-0.47194770226875943,-0.0009132300692726858,94.6891958117485
100,204800,96,-0.7677752309216959,3.355982240244206,0.002915815988671966,0.022867838541666668,-0.47414171944061917,-0.00022972214113300046,38.78565420707067
101,206848,96,-0.6984410558695612,3.1744907841065237,0.0036037274840055034,0.029541015625,-0.4760522097349167,-0.0011244776518045303,21.84580636024475
102,208896,96,-0.5324120385600742,3.0206666262412183,0.00623099514147422,0.032470703125,-0.4740467617909114,-0.0017452474276069552,12.370041370391846
103,210944,96,-0.5419508274788799,2.9124778889546996,0.003882468013519732,0.049967447916666664,-0.47649310280879337,-0.0027443053356061378,28.47273216644923
104,212992,96,-0.6073197519997392,2.964538499089026,0.0009807160337610792,0.0126953125,-0.4817211429278056,-0.0013199816409420844,13.872231086095175
105,215040,112,-0.48878565644845773,2.77605187040331,0.0031388786883326247,0.03173828125,-0.4911377876996994,-0.0014069696092822899,8.12516595919927
106,217088,96,-0.5701391751235849,2.8819515770406636,0.0027711161674233153,0.028076171875,-0.5002663508057594,-0.0006795842491555959,46.06123471260071
107,219136,96,-0.4537357340822555,2.6836641121717664,0.0027795669108551615,0.008707682291666666,-0.5037553782264391,-0.00038224367987519753,5.166428203384082
108,221184,96,-0.44390218597992354,2.5302413976310216,0.003784954795264639,0.033772786458333336,-0.5105391715963682,-0.001501393417129293,9.159932057062784
109,223232,96,-0.5683404790098914,2.5680087981738815,0.0009021703347874185,0.016438802083333332,-0.5094730282823244,-0.0002718910885353883,12.884582191705704
110,225280,96,-0.5844091930758532,2.5819707577297613,0.0028512237671141825,0.013671875,-0.5077237884203593,-0.0009238887578248978,8.176284516851107
111,227328,96,-0.703561816894798,2.5209722784904156,0.004991056242336829,0.041341145833333336,-0.5109198490778605,-0.0002543629767994086,14.351089050372442
112,229376,96,-0.7214567406455946,2.5959712388088976,0.003509855285907785,0.029541015625,-0.5169754028320312,-0.0007685239058143148,16.618271241585415
113,231424,96,-0.853778478824039,2.961011366996592,0.002650997533540552,0.024007161458333332,-0.5171844313542048,-0.00444261923742791,76.68380550543468
114,233472,96,-0.8434469192646188,3.092270225762331,0.004713547862290095,0.044759114583333336,-0.5178690329194069,-0.00021043361630290747,25.094162931044895
115,235520,96,-0.8279933921770447,3.0676370557397457,0.0016540461801923811,0.012613932291666666,-0.5208697244524956,-0.0026885822881013155,10.57345418135325
116,237568,112,-0.8221602825095852,2.9263715663620826,0.0011835675977636129,0.007080078125,-0.5323110769192377,-0.00032349186949431896,9.462258279323578
117,239616,96,-0.7467614499576005,2.6796524834219073,0.003034656459931284,0.03955078125,-0.5480662162105242,-0.002607892398373224,22.588303923606873
118,241664,96,-0.6445712120115256,2.5649221342623894,0.000711120383736367,0.011149088541666666,-0.5556646982828776,0.00035697131291575107,5.961808532476425
119,243712,96,-0.567265690250154,2.4614797376221498,0.005033593804303867,0.031575520833333336,-0.552520640194416,-0.0005281870544422418,6.271333699425061
120,245760,96,-0.5653766537282122,2.5034808145339373,0.003947336575947702,0.039632161458333336,-0.5516695976257324,0.0006765907552714149,11.696030020713806
121,247808,96,-0.5597323355338711,2.167648740621139,0.007789801655841681,0.047932942708333336,-0.5580544124046961,-0.0015483673826868956,4.071782728036244
122,249856,96,-0.6045738293687288,2.166526610536455,0.0030110348113036403,0.033528645833333336,-0.5639461353421211,0.00048187182983383536,3.736799051364263
123,251904,96,-0.6099723109543639,2.3240977811531307,0.005431928380858153,0.027669270833333332,-0.5640798037250837,-0.000911873095901683,15.232270628213882
124,253952,96,-0.5689761152362052,2.310321082858966,0.0022147275788787133,0.024739583333333332,-0.5682127897938093,-0.002355670803808607,5.397029255827268
125,256000,96,-0.45190445784212263,2.3263667953914964,0.0043458116706460714,0.03271484375,-0.5710475047429403,-0.0018874372229523335,2.8803862954179444
126,258048,112,-0.4581312032408876,2.425096295861751,0.0015810082259122282,0.010904947916666666,-0.5696740970015526,0.0002913323308651646,4.746522516012192
127,260096,96,-0.5036546605849178,2.3232150886286163,0.004001198190962896,0.016845703125,-0.5661870266000429,-0.0014300073962658644,9.71640412012736
128,262144,96,-0.6641379431906844,2.3248876822222115,0.0037646953423973173,0.021565755208333332,-0.565932517250379,-0.0018543424278808136,7.564540316661199
129,264192,96,-0.7353982983912752,2.273247344973409,0.010174890262229988,0.078369140625,-0.5713520695765814,-0.0031508736719843,4.370359390974045
130,266240,96,-0.6364133736941916,2.259518759108277,0.005367436344386078,0.024007161458333332,-0.5823746348420779,-0.000402336721890606,4.736059765021007
131,268288,96,-0.5658110032189647,2.274991846283677,0.0030518497029940286,0.006266276041666667,-0.5856727659702301,-0.0006875376178262135,13.760233615835508
132,270336,96,-0.5878862510439764,2.33881659333057,0.0003840374993160367,0.0026041666666666665,-0.584492638707161,-0.0004956631019013003,8.41654340426127
133,272384,96,-0.447065504594166,2.3082626832284094,0.0060612465313170105,0.042236328125,-0.596931204199791,-0.0014354210870806128,4.702623317639033
134,274432,96,-0.5055004072945961,2.333041164490223,0.0029117408169743917,0.026285807291666668,-0.6121443013350168,-0.0004998434645434221,3.8449033747116723
135,276480,96,-0.5288688952483342,2.2529402634885387,0.002924993420795848,0.016031901041666668,-0.634245698650678,-0.0005796873398746053,3.2425730476776757
136,278528,96,-0.5151767106335393,2.4642967985127564,0.0011781825548193108,0.0008138020833333334,-0.6447075108687083,-0.0005219980181815723,46.80070495605469
137,280576,112,-0.610624416496768,2.716197204998901,0.0025534736535822353,0.032470703125,-0.6483262777328491,-0.0032811361209799847,36.386914471785225
138,282624,96,-0.7279203710958473,2.7605331254073,0.0017135988261240225,0.016194661458333332,-0.6491966197888056,-0.0010864880411342408,13.67895762125651
139,284672,96,-0.8060997063451775,2.9126180691439485,0.004937885406737526,0.055338541666666664,-0.6511264542738596,-0.00280502075717474,22.214526851971943
140,286720,96,-0.7506252627641615,2.730329822047849,0.0025397432036697865,0.020263671875,-0.6497836808363596,-0.0001679588749539107,6.509490728378296
141,288768,96,-0.7945332862430529,2.7015540927895,0.0029732289258390665,0.029947916666666668,-0.6564532667398453,-0.0011187454607958596,15.125721136728922
142,290816,96,-0.7255777455752767,2.586142127956466,0.003827708055420468,0.02734375,-0.6611489901940028,-0.0011223656050181792,6.786516378323237
143,292864,96,-0.793728633349752,2.583877281764318,0.0013083522984137137,0.01025390625,-0.666787346204122,9.025749750435352e-05,8.014005074898401
144,294912,96,-0.7458260369315756,2.525029730679991,0.0027000398840755224,0.064453125,-0.6807010322809219,-0.0043347817700123414,4.14086667696635
145,296960,96,-0.6110968292818804,2.3809720415266353,0.0030894117953721434,0.032633463541666664,-0.6868259658416113,-0.00119871703403381,4.561788116892179
146,299008,96,-0.6236763478320352,2.3698927100406153,0.002502167859347537,0.020589192708333332,-0.6823359330495199,-0.0017735047925574083,8.139568567276001
147,301056,112,-0.6385041314240641,2.334949871697684,0.002236212788072104,0.0033365885416666665,-0.6862443188826243,-0.001299742211510117,7.584516301751137
148,303104,96,-0.6311175758217589,2.146020266821439,0.004019088082714006,0.06689453125,-0.6951597630977631,-0.0015975891146808863,2.924124730130037
149,305152,96,-0.7309962977779467,2.159286261427785,0.007353654199202235,0.10457356770833333,-0.7088037580251694,0.0032127290420855084,5.1969384749730425
150,307200,96,-0.6251471323300904,2.0975454752767337,0.004253153010116269,0.049479166666666664,-0.714991052945455,-0.0008792259274438644,4.360510269800822
151,309248,96,-0.6572765925765383,2.1257341276753317,0.0029084268414104977,0.030680338541666668,-0.7156440814336141,-0.002152598307778438,5.738046591480573
152,311296,96,-0.6145206547940996,2.073433839200582,0.0012873328717735906,0.023518880208333332,-0.7266689836978912,0.00025189134854978573,2.0880902856588364
153,313344,96,-0.502384464578249,1.968627061970635,0.008782438235357404,0.06380208333333333,-0.7437585145235062,-0.001446736161597073,2.4778050358096757
154,315392,96,-0.5532691293209954,1.9628299904727424,0.001702620938885957,0.0595703125,-0.7569913764794668,-0.0016080713539849967,3.634139825900396
155,317440,96,-0.5212177607388973,1.954732172515554,0.0036748750717379153,0.049153645833333336,-0.7675425708293915,-0.003342137444027079,4.314241473873456
156,319488,96,-0.544554231330615,1.879872243185895,0.005747643590439111,0.06770833333333333,-0.7731115768353144,-0.002900098741520196,2.2366258253653846
157,321536,96,-0.4981221338080281,1.8791761890550647,0.002105040776465709,0.0439453125,-0.7751968006292979,-0.0020457111531868577,2.6303490748008094
158,323584,112,-0.4114637898488458,1.8318113694721965,0.0022630264963178584,0.025634765625,-0.7719162901242574,-0.0006091065927951907,2.4638404746850333
159,325632,96,-0.4509686379528736,1.7429679211740225,0.0034964308336687586,0.022542317708333332,-0.7806620746850967,-0.002884410360517601,2.8449161127209663
160,327680,96,-0.48098786551914097,1.7872644563709563,0.0006983054336160421,0.023274739583333332,-0.793717180689176,-0.0010291935177519917,2.928075852493445
161,329728,96,-0.5528687529287754,1.8165251750936473,0.001400287738457943,0.035319010416666664,-0.8143624911705653,-0.0010372760928779219,2.233682053784529
162,331776,96,-0.5419164609273105,1.8437038264585182,0.0030454522542034588,0.042805989583333336,-0.8318340629339218,-0.0004733459015066425,1.7077524413665135
163,333824,96,-0.5772528835423197,1.8658532369846033,0.0003149097998781751,0.060953776041666664,-0.8399087140957514,-0.006283023608072351,2.8384844909111657
164,335872,96,-0.5702066357708976,1.8246712408589725,0.006250553473364562,0.050130208333333336,-0.8429035544395447,-0.0006919312048315381,3.205870844423771
165,337920,96,-0.6062547912427418,1.755225798017872,0.005523344492151712,0.060465494791666664,-0.8564356515804926,-0.002399282956806322,1.6852930213014286
166,339968,96,-0.6365285889720831,1.6657477700689247,0.006183694805561875,0.035807291666666664,-0.8669044623772303,-0.0012557990849018097,2.01323339343071
167,342016,96,-0.5975394240546233,1.6253184964844978,0.006683202411901827,0.024251302083333332,-0.8600190977255503,-0.0016083700854020815,2.366867852707704
168,344064,112,-0.5125405240460192,1.595232262621419,0.0025212157731099674,0.038655598958333336,-0.8539961278438568,-4.7520550045495234e-05,1.458479714890321
169,346112,96,-0.4239496746241433,1.6157139723433422,0.008072871840946997,0.09334309895833333,-0.8648271163304647,-0.005594177443223695,1.3723708440860112
170,348160,96,-0.35284211658119835,1.586867835389831,0.0062385484828458475,0.054280598958333336,-0.8775736639897028,-0.004069936141604558,1.2886455692350864
171,350208,96,-0.383219985388482,1.6251625488558918,0.005116949459382643,0.044026692708333336,-0.8812538186709086,-0.0025792183781353137,2.247406708697478
172,352256,96,-0.3422758162622583,1.6158745161739676,0.0017316625938595582,0.033203125,-0.8882299860318502,-0.001891445640164117,1.5470061612625916
173,354304,96,-0.4086124740731176,1.6982216745487486,0.0024853128707036376,0.01708984375,-0.9038612693548203,-0.0016826732511011262,2.3912154088417688
174,356352,96,-0.5707388177823237,1.6806805802215914,0.0028275796406281493,0.044189453125,-0.9141015708446503,-0.0015614967172344525,1.8723430186510086
175,358400,96,-0.559443135184048,1.6139075999597448,0.003562848772465562,0.034261067708333336,-0.9099971950054169,0.0004619938360216717,1.5404740124940872
176,360448,96,-0.6268820892158833,1.6173663228766562,0.002592751601090034,0.036376953125,-0.9190165102481842,-0.0005030403262935579,1.686830498278141
177,362496,96,-0.6233883504059027,1.5808731003480592,0.0031266273775448403,0.022867838541666668,-0.9376321087280909,-0.00041648585465736687,1.2393690161406994
178,364544,96,-0.5642011340488932,1.6244859721966451,0.006797120130310456,0.07462565104166667,-0.9475105355183283,-0.0015606193628627807,1.4707168514529865
179,366592,112,-0.4914508415119114,1.6002076503329972,0.005072988831670955,0.06608072916666667,-0.9502939134836197,-0.002661441045347601,1.2650823245445888
180,368640,96,-0.4584103010789897,1.5686691096213443,0.002571672094442571,0.02734375,-0.9524511645237604,-4.632415948435664e-05,1.5992761179804802
181,370688,96,-0.43249939426622885,1.5703720724419057,0.0034708205688123903,0.052490234375,-0.9638577749331793,0.0011910496201987069,1.6230358506242435
182,372736,96,-0.37753641432270624,1.5434080478652517,0.006583676401836176,0.048665364583333336,-0.9649356206258138,-0.0019522935229664047,1.2811241000890732
183,374784,96,-0.40456582760185583,1.537608887769392,0.004908145230729133,0.044352213541666664,-0.9588886797428131,-0.0015837083919905126,1.6600423107544582
184,376832,96,-0.42624215819723377,1.6088055836725854,0.006816173777527486,0.053466796875,-0.9583487113316854,-0.0035228470320968577,3.4683650185664496
185,378880,96,-0.40058909130215475,1.5616146271798328,0.001369016506941989,0.012288411458333334,-0.9511479983727137,-0.00016385122823218504,1.812500464419524
186,380928,96,-0.4011350644783118,1.5320650705055314,0.0032519782932164767,0.040934244791666664,-0.9436166336139044,-0.00018662230771345398,1.491533247133096
187,382976,96,-0.3613590498343386,1.6276086148636435,0.0016190599223288398,0.02099609375,-0.9464212904373804,-0.00050456701622655,4.525395279129346
188,385024,96,-0.3001310944551764,1.6111352902773992,0.009526862588245422,0.061686197916666664,-0.9415182173252106,-0.002333929315985491,1.2100452023247878
189,387072,112,-0.30292865445719863,1.6033804501647138,0.0039523797944032895,0.048502604166666664,-0.943087175488472,-0.0010866100395408769,1.4905787482857704
190,389120,96,-0.29493874458103175,1.581027672243505,0.0022392575338017195,0.0244140625,-0.9349185774723688,-0.000484901771415025,1.115335114300251
191,391168,96,-0.35835189598314143,1.484356532523065,0.0021496465681896857,0.029703776041666668,-0.9332143217325211,0.0007608377976187816,1.3909254297614098
192,393216,96,-0.4385559708249035,1.4805790476347953,0.004724066044824819,0.049072265625,-0.9369366119305292,-0.003425298782531172,2.405731439590454
193,395264,96,-0.3890974554972027,1.4538369084462026,0.0028766923448226103,0.030110677083333332,-0.9341999143362045,-0.0007958601733359197,1.4199893946448963
194,397312,96,-0.4463234831112672,1.4960610121485531,0.003053591964999214,0.027506510416666668,-0.9398370931545893,-0.0022065600108665726,1.364721093326807
195,399360,96,-0.33731121836348416,1.5000911304322755,0.0020651554805226624,0.031656901041666664,-0.9424842943747839,-0.0015060487154793616,0.981433279812336
196,401408,96,-0.4031757449186888,1.548845901361664,0.002267077322661256,0.026204427083333332,-0.9430403808752695,-0.0006983214989304543,2.805304822822412
197,403456,96,-0.3878257026836583,1.6264186270354524,0.00147506066908439,0.019694010416666668,-0.9401057213544846,-0.0005008008835526804,2.349169542392095
198,405504,96,-0.42614928862709156,1.6536245165684456,0.0007389917736873031,0.012369791666666666,-0.9306468516588211,0.00030755238064254325,1.9222783173123996
199,407552,96,-0.40298579593157996,1.664152725085613,0.0033268466067966074,0.028889973958333332,-0.9287830491860708,-0.0017243950472523768,1.4138958441714446
200,409600,112,-0.3570851621096082,1.6068922951439983,0.008322745862339312,0.07112630208333333,-0.9339199165503184,-0.003449497763843586,1.3750819973647594
201,411648,96,-0.36203443485770914,1.466645461658512,0.004207025534318139,0.05322265625,-0.9482299039761225,-0.00029438469209708273,0.8206009839971861
202,413696,96,-0.3457919927816044,1.487504902429325,0.0049223306705243886,0.043212890625,-0.9544061770041784,-0.00193647644482553,1.3098505040009816
203,415744,96,-0.42166583744105124,1.480506290486858,0.0011057602435660858,0.034098307291666664,-0.9580535640319189,-0.0017616867165391643,2.01693124572436
204,417792,96,-0.3645544866295766,1.534981291029223,0.0028852302542266748,0.032063802083333336,-0.9584797670443853,0.0007020281045697629,1.256683739523093
205,419840,96,-0.43819047024716234,1.6253474310907399,0.0025342935890269778,0.01318359375,-0.9604760458072027,-0.00019534433037430668,3.962994468708833
206,421888,96,-0.31216409838291687,1.601694836350727,0.0001803749182727188,0.030924479166666668,-0.95816042025884,-0.002197400162306925,1.17054354523619
207,423936,96,-0.22265088350170853,1.6136804785382817,0.0020696449792012572,0.018798828125,-0.966333861152331,0.000417686717507119,1.4757483849922817
208,425984,96,-0.2726209526769256,1.6365718496098653,0.003906963878155996,0.037434895833333336,-0.981399248043696,-0.00018778706241088608,2.468074599901835
209,428032,96,-0.27207426589545436,1.65592283389053,0.0070178472669795156,0.042643229166666664,-1.0007459372282028,-0.0013135120874115576,1.6414606074492137
210,430080,112,-0.38201089664124815,1.6047260185663077,0.0065859557944349945,0.039225260416666664,-1.0244080821673076,-0.0031650178910543523,1.3186589864393075
211,432128,96,-0.4850139731192285,1.5614819142703102,0.002797507021265725,0.037109375,-1.0411286304394405,-0.00034591881558299065,1.398768109579881
212,434176,96,-0.48229328451352843,1.5058007516920144,0.0038081700525557003,0.05908203125,-1.0418071448802948,0.0001256735025284191,1.2708306051790714
213,436224,96,-0.41436987914407725,1.3980558068990954,0.003276124111531923,0.054117838541666664,-1.0506409108638763,-0.0001883424314049383,0.6591469856599966
214,438272,96,-0.4122521164608466,1.4557479655415635,0.0035857245966326445,0.054117838541666664,-1.063199942310651,0.00037393781046072644,2.161567762494087
215,440320,96,-0.38932258479620485,1.4526672513763623,0.004539199939851339,0.031982421875,-1.0690440833568573,-0.000980128990098213,1.3760380608340104
216,442368,96,-0.30223817423773147,1.4286544418099698,0.003521208078988517,0.06103515625,-1.072147513429324,-0.0016746490776616458,1.1170445072154205
217,444416,96,-0.3984321952231495,1.474699490150335,0.0050149931145521505,0.040852864583333336,-1.0852568298578262,-0.0012590667853752773,1.5697625080744426
218,446464,96,-0.4370713704161521,1.5363941110302584,0.0024562243391604475,0.03564453125,-1.0928377608458202,-0.0006310302899995198,5.488022680083911
219,448512,96,-0.4305387371421709,1.522470493649676,0.0013933958834968507,0.013997395833333334,-1.0976043343544006,-0.0006073466890181104,0.8976671186586221
220,450560,96,-0.5304038347667352,1.522386619275207,0.001876410940894857,0.041829427083333336,-1.1015745749076207,-0.0015725587921527524,1.9428733338912327
221,452608,112,-0.4751787791166984,1.4511126777593317,0.00482977059436962,0.060384114583333336,-1.1095843613147736,-0.004730125539936125,0.6237752288579941
222,454656,96,-0.39018112586655185,1.2616089402968933,0.00271060773714756,0.036865234375,-1.1232741524775822,-0.0018439553386997432,0.6909110148747762
223,456704,96,-0.3440772936095097,1.29265407899895,0.004792650123514856,0.060872395833333336,-1.1325816164414089,-0.00039348706680660445,0.6904901700715224
224,458752,96,-0.3108359324685839,1.3274776361198044,0.0030002334679011256,0.03857421875,-1.1312221934398015,-0.004212295190275957,3.3172151322166123
225,460800,96,-0.3944114152925293,1.349970185263908,0.002607622077145303,0.022054036458333332,-1.1281137267748516,0.00017564270820003003,1.4358108167846997
226,462848,96,-0.44757480555285384,1.4641476356296061,0.0033517285579970726,0.023274739583333332,-1.1255613019069035,-4.2765605030581355e-05,1.8522285521030426
227,464896,96,-0.5412711028820155,1.475797941373227,0.0017529778900401045,0.035563151041666664,-1.1261664927005768,-0.0006272727041505277,1.7296414487063885
228,466944,96,-0.535064905890674,1.4005089790154166,0.002280179954444369,0.024495442708333332,-1.1223100672165554,0.0008123459410853684,1.3439724631607533
229,468992,96,-0.49401768571630805,1.43004750723152,0.003860896627884358,0.035319010416666664,-1.1194909413655598,0.00047626356536056846,2.0277243964374065
230,471040,96,-0.4558482266095134,1.3981056036086026,0.0011900147947017103,0.016845703125,-1.1139977822701137,-2.956480602733791e-05,1.9337636133035023
231,473088,112,-0.5243390992180376,1.422840685442059,0.003575443154356132,0.0458984375,-1.1184321443239849,0.0003077521881399055,1.645297701160113
232,475136,96,-0.5304812906874498,1.453814719042291,0.0023839279116752246,0.041422526041666664,-1.129633828997612,-0.0008692705984382579,2.5822237158815065
233,477184,96,-0.4942058306108926,1.5300587199069602,0.0018774981435853988,0.051106770833333336,-1.1364804456631343,-0.0010676280362531543,5.165444287161033
234,479232,96,-0.45376832540362844,1.5497659176726695,0.0020712396750847497,0.025960286458333332,-1.142723023891449,-0.0009028108906932175,1.607373411456744
235,481280,96,-0.3151708560599362,1.5077191182871654,0.004802886115309472,0.035725911458333336,-1.143520916501681,-0.0008458165029878728,0.9396154868106047
236,483328,96,-0.3436101560097793,1.5368754059105776,0.0007871767350782951,0.01513671875,-1.132366453607877,-0.0006371178315021098,4.039859036604564
237,485376,96,-0.27972711339356343,1.5469263467700483,0.0034759737512407205,0.04150390625,-1.1293780654668808,-0.0018618393029707174,5.856271435817082
238,487424,96,-0.34825722654168983,1.581150623103178,0.0018667354791735609,0.018798828125,-1.1250545432170231,-0.0013345028661812346,2.406482716401418
239,489472,96,-0.39725950434863344,1.6105674302211017,0.003550727036781609,0.052652994791666664,-1.1222859273354213,0.0012325295683695003,1.3044696065286796
240,491520,96,-0.3333795452109704,1.5249997768095898,0.003990046000884225,0.07421875,-1.1221241503953934,-0.0038233717205002904,0.9136331627766291
241,493568,96,-0.3936178357716776,1.539801404814568,0.0039505212334915996,0.059488932291666664,-1.1219895680745442,-0.0019238700236504276,2.525437258183956
242,495616,112,-0.4022441885438107,1.5325079575625933,0.0014205371941595029,0.013346354166666666,-1.1217422087987263,-6.386277770313124e-05,3.4491650511821113
243,497664,96,-0.4714258929035106,1.6407264473532293,0.0010669195423057924,0.031494140625,-1.1283981154362361,-0.0018266927218064666,4.258402655522029
244,499712,96,-0.45803066874267273,1.7064451838404144,0.0015435152454301715,0.022867838541666668,-1.133548344175021,-0.0006039233703631908,2.9843002247313657
245,501760,96,-0.46598582776324576,1.813908639353841,0.001337630848865956,0.006998697916666667,-1.1415691028038661,-0.000568223602992172,24.298923703531425
246,503808,96,-0.46806972623987747,1.7321484126635942,0.0037293894371638694,0.01953125,-1.1431022485097249,-0.0005865476268809289,2.214283478756746
247,505856,96,-0.38308325570225626,1.6414245544331563,0.0031313331176837287,0.038981119791666664,-1.1433244695266087,-0.0010999159033720691,2.2625785395503044
248,507904,96,-0.41747776529912595,1.6375845040152202,0.0046759530766091,0.034993489583333336,-1.1455937425295513,-0.0005877330549992621,2.1412379816174507
249,509952,96,-0.4239494638687447,1.485720016087774,0.000930892633429418,0.016438802083333332,-1.1559057831764221,-0.0003474212365593606,2.6011027519901595
250,512000,96,-0.4769329214684664,1.5396884409710458,0.0027630339027382433,0.037353515625,-1.161229893565178,-0.0015824799290082108,5.036535861591498
251,514048,96,-0.4368899029242593,1.498982194446952,0.00610377368866466,0.040852864583333336,-1.1673738658428192,-0.0013165466273979594,0.9593668517967066
252,516096,112,-0.46477813421682457,1.4606350563704178,0.0045162798002517475,0.051513671875,-1.1842863857746124,0.0012654288536092888,1.6042628027498722
253,518144,96,-0.4435666508235374,1.537384998313075,0.0036048916808795184,0.02490234375,-1.1945083290338516,-0.0021088837917583683,9.530857145786285
254,520192,96,-0.3817724973959553,1.491135303214312,0.0054696512427957105,0.036295572916666664,-1.1912849446137745,-0.0009649440180510283,1.715949724117915
255,522240,96,-0.449761540166017,1.5273176702566285,0.0035525127702082195,0.036702473958333336,-1.1937647610902786,-0.0010821535058009128,1.8551021665334702
256,524288,96,-0.41031628258348846,1.5935278746281625,0.0025822955552333346,0.05908203125,-1.2096762259801228,-0.002420016312195609,2.8155240242679915
257,526336,96,-0.33311164213215805,1.580907412903874,0.0018554368968276929,0.048258463541666664,-1.2150600502888362,-0.0006796352778716633,1.1616452485322952
258,528384,96,-0.3348365167458638,1.5346702203641946,0.006882532305705051,0.06453450520833333,-1.2186827659606934,-0.004553793512362366,6.035513224701087
259,530432,96,-0.3215282114406331,1.5195852105959542,0.0044259113977507996,0.025472005208333332,-1.2222126523653667,0.0009926036776353915,1.6737294122576714
260,532480,96,-0.30203585819420725,1.5539243793782886,0.006764043918034683,0.058349609375,-1.2244731535514195,-0.0003964123219096412,3.4680593013763428
261,534528,96,-0.36870276908565375,1.523389610898523,0.004563508400072654,0.06730143229166667,-1.2217934628327687,-0.0004718654478589694,1.7375687037905057
262,536576,96,-0.33283586857566944,1.518765994574513,0.0038225817358276495,0.043538411458333336,-1.2284293323755264,-0.0002866923459805548,1.074211881806453
263,538624,112,-0.42456944809729813,1.5307819578009656,-1.4084468906124433e-05,0.028157552083333332,-1.240793173511823,-0.0010761073014388482,5.207914337515831
264,540672,96,-0.38168169706158195,1.42124178222888,0.00807133064760516,0.047932942708333336,-1.2517249484856923,-0.0007264075878386697,1.109860400358836
265,542720,96,-0.325960180711386,1.484843183211286,0.00414739636471495,0.086181640625,-1.259563758969307,-0.0013009212367857497,1.497264397641023
266,544768,96,-0.3780148832912132,1.5335342667718852,0.004187373298918828,0.043619791666666664,-1.2574183344841003,-0.0004615226256040235,2.6565546517570815
267,546816,96,-0.2687581738403355,1.5256211100879635,0.003869451417510087,0.041829427083333336,-1.2551897565523784,-0.0010796450175500165,7.498314439008634
268,548864,96,-0.2844093791218972,1.5176857040929543,0.004316474999844407,0.023356119791666668,-1.2552362630764644,-0.002077150779465834,1.0473994575440884
269,550912,96,-0.43181116418300647,1.5045509447246026,0.004177064343821257,0.050944010416666664,-1.2664443651835124,-0.00022903840484408042,2.4712236672639847
270,552960,96,-0.5063439090791245,1.5865914728378927,0.0003681522988093396,0.041178385416666664,-1.2786493847767513,0.0007152413939669108,3.2488109370072684
271,555008,96,-0.4613621387811369,1.4772575990623877,0.002688850237367054,0.035237630208333336,-1.2888950953880947,0.00040199069674902904,1.2792174480855465
272,557056,96,-0.4315551391146937,1.503396139855666,0.003722274792380631,0.04541015625,-1.3021052032709122,0.0006549411142865816,0.7430319897830486
273,559104,112,-0.3377321942227327,1.5023643503096753,0.003213539719581604,0.049479166666666664,-1.315392663081487,-0.0015942687217223768,2.396669695774714
274,561152,96,-0.306225313023895,1.4365968915452612,0.005448087458110725,0.048909505208333336,-1.3211377610762913,-0.0018765957599195342,3.462710770467917
275,563200,96,-0.34163386260042616,1.3927894709801816,0.004439241534176593,0.053955078125,-1.33303435643514,-0.0009457734219419459,1.0650454113880794
276,565248,96,-0.3163432098338864,1.3960840112857957,0.007836431526811793,0.06681315104166667,-1.3428106009960175,-0.001104651940598463,1.1691331962744396
277,567296,96,-0.36411990997751004,1.4377720400937057,0.007343081786530092,0.043863932291666664,-1.3376941531896591,-0.001227427109067018,2.7802572498718896
278,569344,96,-0.3603429891654907,1.4241316626888478,0.005925501919894789,0.048990885416666664,-1.3387099206447601,-0.0009057969825031856,2.423548554380735
279,571392,96,-0.3671540776892995,1.4517411886651894,0.004552916643054535,0.053955078125,-1.345304658015569,-0.0024121951525254795,1.165449680139621
280,573440,96,-0.42364239609688087,1.46358052434567,0.006405899514599393,0.07600911458333333,-1.3544712762037914,0.0019118940593519558,2.154952501257261
281,575488,96,-0.3586138725591559,1.398360905399022,0.0015694999504679192,0.042887369791666664,-1.3510492791732152,-0.0016631811352757115,1.650906686981519
282,577536,96,-0.3561889365089142,1.4223024730555485,0.0021056587186952433,0.0322265625,-1.3538644313812256,-0.0003801509931993981,1.5432619626323383
283,579584,96,-0.3415285597085469,1.421076521113768,0.003908037741590912,0.052327473958333336,-1.3557960043350856,-0.0027021691979219518,0.9991948554913203
284,581632,112,-0.32878924906215823,1.3636777446616044,0.003123231988865882,0.042236328125,-1.357847238580386,-0.0002417459351515087,1.2098386424283187
285,583680,96,-0.3187597312411176,1.3799637969761351,0.004371007535761843,0.024332682291666668,-1.3551687200864155,-0.0003526904183672741,1.3306442486743133
286,585728,96,-0.278449691150679,1.2880842441471907,0.0031698538611332574,0.04541015625,-1.3581629991531372,0.0005536649162725856,1.1217126635213692
287,587776,96,-0.27407210650062813,1.3551407033450433,0.00430536469987904,0.042399088541666664,-1.3570637653271358,-0.0017205201147589833,3.7564405699570975
288,589824,96,-0.3100603296397814,1.4429475908160097,0.0035575114112968245,0.028401692708333332,-1.3628788342078526,-0.0019788176869042218,2.428572326898575
289,591872,96,-0.3450804511354589,1.4410126542358788,0.006670450985742112,0.06941731770833333,-1.3719905316829681,0.0027705103614910818,1.4092626223961513
290,593920,96,-0.3809266850589967,1.4823110118936285,0.0056647222469716025,0.07649739583333333,-1.372162049015363,2.736340199286739e-05,3.6376283317804337
291,595968,96,-0.41415060746085586,1.4606768566788182,0.003584027028409764,0.029541015625,-1.3763830363750458,-0.001722306808611999,1.3271534989277523
292,598016,96,-0.40637957140066994,1.3770087445848904,0.004798658163053915,0.06534830729166667,-1.38272591928641,-0.0009404487403420111,1.3321342232326667
293,600064,96,-0.41616632777900425,1.3961625705102683,0.0023339014345159135,0.044921875,-1.3857591599225998,-0.0017142701593305294,2.2258971706032753
294,602112,112,-0.3421899171148904,1.3800912459701056,0.004698159570883338,0.042887369791666664,-1.378732865055402,-0.0004300997970858589,1.394495042661826
295,604160,96,-0.3705033254021787,1.388347817995223,0.005489074479555711,0.053385416666666664,-1.3800384749968846,0.00023339484080982706,1.4648596147696178
296,606208,96,-0.3399527536366167,1.4203296531221157,0.006487109533433492,0.06868489583333333,-1.390622819463412,-0.0015296655668256183,3.400154041747252
297,608256,96,-0.2944301151173856,1.4943018666161947,0.005129197466885671,0.052408854166666664,-1.3915183146794636,-0.002003731623214359,6.183839840193589
298,610304,96,-0.3768342584861222,1.499674410100538,0.0040214779728557914,0.040364583333333336,-1.3954589366912842,-0.00246995419729501,2.6953706120451293
299,612352,96,-0.354625528926132,1.4544808186664495,0.004980036853036533,0.056233723958333336,-1.4001415620247524,-0.0009176581612943361,1.2856557903190453
300,614400,96,-0.38471652082145724,1.4308465182698258,0.003659887481868888,0.0712890625,-1.403379812836647,-0.0032562104946312806,2.140849399069945
301,616448,96,-0.40317377281896133,1.3773614691561422,0.004808335691147174,0.07039388020833333,-1.406872108578682,-0.0004438168543856591,3.5099881986776986
302,618496,96,-0.3860183052251237,1.3712249080948455,0.004328779488181074,0.07112630208333333,-1.4072239597638447,-0.0021045437849049145,4.11381820589304
303,620544,96,-0.40175861671988644,1.4332048951150973,0.005869093409273773,0.059977213541666664,-1.4120318641265233,0.000790223003908371,2.9596120988329253
304,622592,96,-0.39550729439706606,1.4170073640445766,0.003188914677593857,0.051595052083333336,-1.4251212179660797,-0.0007360670570051298,2.2359421836833158
305,624640,112,-0.395769604620375,1.3592632839754135,0.008107113651931286,0.06404622395833333,-1.4322424232959747,0.0005498879375712326,1.1766117413838704
306,626688,96,-0.3191455169203663,1.220721762457275,0.0014482352319949616,0.022298177083333332,-1.4413434863090515,-0.000966190806745241,1.0688599422574043
307,628736,96,-0.3167414087797718,1.2055094149671055,0.004370576411020011,0.045003255208333336,-1.4519506692886353,0.00013017270248383284,1.6742470612128575
308,630784,96,-0.29759246040166887,1.1437980782929023,0.004107465307849149,0.047770182291666664,-1.4631522297859192,0.0005237343236027906,0.6253897901624441
309,632832,96,-0.3602477704807842,1.377548980163586,0.003910774122535561,0.026529947916666668,-1.4773047020037968,-0.001393092602180938,6.744570558269818
310,634880,96,-0.3626454836050237,1.4352840595001088,0.012361995710913712,0.12345377604166667,-1.4825094143549602,0.0027732975237692394,1.8236485173304875
311,636928,96,-0.356139757886105,1.4416591963826992,0.007176866386240969,0.08113606770833333,-1.4964468628168106,0.0016284746137292434,1.3960560858249664
312,638976,96,-0.3346335673341699,1.4802126544974166,0.005124387360410765,0.033365885416666664,-1.507543424765269,-0.00016648006082201997,1.1372458549837272
313,641024,96,-0.3150207299972796,1.2432446702399707,0.010447721482099345,0.09309895833333333,-1.5096204628547032,-0.00029220464299820986,0.7395068667829037
314,643072,96,-0.3858758534143597,1.3554309391567698,0.005737012756677966,0.060628255208333336,-1.5109019825855892,-0.0009414091958509138,6.780338803927104
315,645120,112,-0.45456384481488626,1.333945026263413,0.0015037436484514426,0.0390625,-1.5114067544539769,0.0003733306269471844,1.4929568742712338
316,647168,96,-0.45331113826325165,1.3385291906403163,0.004153613942132021,0.032063802083333336,-1.5172634820143382,0.0004054500701992462,1.4184464141726494
317,649216,96,-0.4066760596386521,1.4936164526729099,0.006538467297408109,0.056640625,-1.5150713672240574,-0.0011909632594324648,7.293609236677487
318,651264,96,-0.4015853254684378,1.4131952393147797,0.004375433035117264,0.058756510416666664,-1.5128510197003682,-0.0009823750879149884,1.9739160587390263
319,653312,96,-0.31046759749105285,1.4232563107876604,0.004376822529593483,0.053385416666666664,-1.5162522892157237,7.384397516337533e-05,1.8212317638099194
320,655360,96,-0.32063824820829806,1.4040531621271328,0.0032594636528907963,0.049886067708333336,-1.5221629589796066,0.00011523157202949126,0.8860770935813586
321,657408,96,-0.3167209393968453,1.3557728418744124,0.00704303970754457,0.072265625,-1.521871104836464,-0.000702740391716361,8.55100218206644
322,659456,96,-0.3139571467448554,1.306312769586625,0.0019468324317131191,0.037027994791666664,-1.5211768994728725,-0.00013313503586687148,0.8015531605730454
323,661504,96,-0.27259032608299977,1.3037483456714847,0.0038640469720121473,0.068115234375,-1.5278195689121883,-0.0014749711845070124,2.1773378551006317
324,663552,96,-0.29323346980783394,1.2998599859192876,0.011846168131645149,0.12361653645833333,-1.5361280639966328,-0.002048991135476778,1.897889939447244
325,665600,96,-0.33027030005485686,1.3573848085634366,0.0029486080748029053,0.048095703125,-1.537240743637085,-0.002322220398734013,1.6769257858395576
326,667648,112,-0.3266145126298125,1.2620612877544952,0.0050360729995494085,0.03857421875,-1.543544625242551,-0.00036398053634911776,1.3126927812894185
327,669696,96,-0.33589272199211706,1.2215574769069593,0.006576135541157176,0.05810546875,-1.5526561389366786,-0.0010876720286129664,0.6190362566461166
328,671744,96,-0.3204580268364986,1.199371666074972,0.0028846884864227227,0.037841796875,-1.5524969448645909,0.0006152153655420989,1.141502180447181
329,673792,96,-0.2805759657866295,1.1437634790898936,0.0022981064103078097,0.092529296875,-1.5562606652577717,0.0001655538750734801,1.1678066588938236
330,675840,96,-0.24784337430935316,1.1326082403649664,0.0065815486984017,0.075927734375,-1.5614114453395207,-0.0014868381355578701,0.7300625462085009
331,677888,96,-0.28481806159728107,1.233549377195494,0.004528222566780944,0.053466796875,-1.5637581944465637,-0.0012057338026352227,1.7586815357208252
332,679936,96,-0.3661455466637251,1.2296818581070699,0.0020426748863731823,0.029866536458333332,-1.5669910858074825,-0.00046365409313390654,1.269291232029597
333,681984,96,-0.34080812922358805,1.20500506691237,0.008031358185689896,0.08479817708333333,-1.5817681948343914,0.0004903218941763043,0.9112675959865252
334,684032,96,-0.27066233833399966,1.2610551362166977,0.00836371821545375,0.1201171875,-1.590574140350024,0.0053386681829579175,0.9339448685447375
335,686080,96,-0.24189213063344106,1.1945652078439346,0.003829358145594597,0.048583984375,-1.5953933050235112,-0.00038529109830657643,0.7350522341827551
336,688128,112,-0.19796955775662112,1.296129287717001,0.005035486664079751,0.07039388020833333,-1.6062809626261394,-0.003615758464244815,3.1782498843967915
337,690176,96,-0.2095354177739674,1.3090709922056234,0.003335490201910337,0.055745442708333336,-1.6153707404931386,0.0007867372478358448,0.9679206013679504
338,692224,96,-0.2645475330994941,1.2723161729550474,0.00859901167374725,0.10904947916666667,-1.6260805428028107,0.00019155336000646153,0.7459497861564159
339,694272,96,-0.33948911011006694,1.2629960049222335,0.006375657704969247,0.06787109375,-1.6337735056877136,0.0004069442511536181,1.1487377335627873
340,696320,96,-0.42239872600142264,1.210837763458397,0.0030698031769134104,0.06331380208333333,-1.630261406302452,0.0007265270978678018,1.268288432310025
341,698368,96,-0.38568609701360046,1.145484742457226,0.0024082584326000265,0.033040364583333336,-1.6252504388491313,0.000800648364626492,0.9569336051742235
342,700416,96,-0.3626255162344833,1.1493698929892247,0.007962249888805673,0.08203125,-1.632492755850156,0.0004423747304826975,0.6281775000194708
343,702464,96,-0.3056441377791054,1.092431930433748,0.003903066273778677,0.07503255208333333,-1.6388230969508488,0.0008525522134732455,0.5916337010761102
344,704512,96,-0.2404974395741367,1.1296257924896413,0.009907336779482042,0.12906901041666666,-1.6388290127118428,0.0026139724359381944,0.6585953341176113
345,706560,96,-0.2273196742433699,1.0503464834972542,0.003999411662031586,0.08577473958333333,-1.6350024193525314,0.00246703486967211,0.8999389273424944
346,708608,96,-0.30591441260538166,1.1979479038261185,0.005106109281769022,0.053873697916666664,-1.6269122908512752,0.0005211897660046816,2.983311779797077
347,710656,112,-0.35287107101781856,1.2961621763739088,0.003635237730729083,0.08479817708333333,-1.618527129292488,-0.0007161303365137428,3.3712593391537666
348,712704,96,-0.3281254792917791,1.3294933095354722,0.006089964978552113,0.07023111979166667,-1.6128308127323787,0.0022519871223873147,1.2444330267608166
349,714752,96,-0.31067390040717086,1.4168084677533033,0.004534470450986798,0.050130208333333336,-1.6071494072675705,0.0009701734428138783,2.6290388641258082
350,716800,96,-0.3034300767178216,1.3985243839088013,0.006732790371946369,0.05908203125,-1.6087961494922638,-0.0010882795807750274,3.5560350169738135
351,718848,96,-0.3336704404877767,1.3555990218462082,0.004898245892642687,0.04638671875,-1.6132157494624455,0.001983294161618687,1.522851785024007
352,720896,96,-0.46167544774627944,1.3584552899230504,0.006981193117098883,0.06640625,-1.6260952005783718,-0.0012623959143335621,1.3426082233587902
353,722944,96,-0.4690392489721596,1.29472492885959,0.001521980583978196,0.063232421875,-1.637786790728569,-0.00045047513898074004,1.4491609185934067
354,724992,96,-0.42090993212237443,1.2532774469037722,0.005184984930868571,0.045654296875,-1.6401704202095668,-0.0009201702681214859,1.6341947950422764
355,727040,96,-0.42441300852227826,1.2310582904966205,0.005472217104397714,0.06632486979166667,-1.6434554407993953,-0.0010682439994222175,1.2304383379717667
356,729088,96,-0.3780629380260403,1.2125749824314105,0.006120581160454701,0.059488932291666664,-1.6416323731342952,-0.0017768097362325836,0.6544868915031353
357,731136,112,-0.32167476305457726,1.2167886805961068,0.001723903570867454,0.041097005208333336,-1.6451232930024464,-0.00028747820761054754,2.533978303273519
358,733184,96,-0.39846776150396124,1.2756646025575655,0.00452807256563877,0.0478515625,-1.647372509042422,-0.0017855319990000378,2.4312732045849166
359,735232,96,-0.3198221119740512,1.2619464706527745,0.005988798240044464,0.037434895833333336,-1.6497199833393097,-0.000926564825931564,1.296229001134634
360,737280,96,-0.3379097036759754,1.2524626826092202,0.004879175656242296,0.07169596354166667,-1.6445227960745494,0.0003039657409923772,0.8400463884075483
361,739328,96,-0.336320922401121,1.229796867760923,0.0027672820433508605,0.01708984375,-1.647116447488467,0.0001860557240433991,0.6759665453185638
362,741376,96,-0.2730156488617585,1.1327577589910152,0.0019691080960910767,0.026123046875,-1.6500556667645772,0.0007371146469571007,1.4632932047049205
363,743424,96,-0.27248322775929606,1.1397502487100097,0.008168142104599005,0.070068359375,-1.6584346890449524,0.00013000000035390258,1.7252481219669182
364,745472,96,-0.24489390618559648,1.1073894280241994,0.008030458799718568,0.0986328125,-1.6638152798016865,-0.0004283807841905703,0.9343417026102543
365,747520,96,-0.30844431699603275,1.1838441052727686,0.005677132644147302,0.052327473958333336,-1.6720013568798702,0.0009425286940919856,1.234929480900367
366,749568,96,-0.36111594791151574,1.2557203331873836,0.00478199464851059,0.042887369791666664,-1.6761088371276855,-0.0015194406150840223,2.662733924885591
367,751616,96,-0.417109696811659,1.2490226471372599,0.00486306621072193,0.044921875,-1.6788561095794041,3.89710379143556e-05,1.2256565019488335
368,753664,112,-0.44937267401351993,1.3243882548179355,0.006939832557691261,0.07958984375,-1.6795543332894642,0.0008579516822161773,2.9250903353095055
369,755712,96,-0.3878322642436197,1.303083199099667,0.0034766383178066462,0.054768880208333336,-1.6718420386314392,-8.026401822765668e-05,1.6920705797771614
370,757760,96,-0.33886014467370623,1.203140234031356,0.0076639874605461955,0.0966796875,-1.6764806707700093,0.0021455074505259595,0.7564034027357897
371,759808,96,-0.26257738386649726,1.2053767589421835,0.004733962598644818,0.044514973958333336,-1.6865374545256298,0.0011658350898263354,1.8044554851949215
372,761856,96,-0.2778230398285274,1.2161773322581544,0.0027908290503546596,0.031819661458333336,-1.684342513481776,-0.001059028843883425,2.4549347534775734
373,763904,96,-0.28342312355138716,1.1947764029427321,0.00627034209901467,0.034423828125,-1.6915621260801952,-0.0009400075068697333,1.354486672828595
374,765952,96,-0.31839214311183406,1.2285906875616204,0.00835788900925157,0.067138671875,-1.69720462958018,-0.00022613365824023882,0.8733733805517355
375,768000,96,-0.3211564250051099,1.2269675577945496,0.006511221484591563,0.07918294270833333,-1.7034006267786026,-0.0008740007566908995,2.6050370732943215
376,770048,96,-0.30114641710398415,1.1786099042622877,0.008010480911859,0.064453125,-1.7099604954322178,-0.0013129802731176217,1.0750860882302125
377,772096,96,-0.38793633149461243,1.207041607518236,0.0038396764818268516,0.046875,-1.7209754784901936,0.00034235827236746746,2.152820477883021
378,774144,112,-0.3602353154982921,1.264272969276053,0.0031985810104136667,0.034586588541666664,-1.7314813534418743,-0.0008270153775811195,0.9029382926722368
379,776192,96,-0.3908409788166455,1.1758563331831633,0.00417310082896923,0.034505208333333336,-1.7287527918815613,-0.00017056899378076196,0.4760106932371855
380,778240,96,-0.39931613869736593,1.1867071812668495,0.0039003030979074538,0.0546875,-1.720201740662257,0.0005610732526596015,1.2106567434966564
381,780288,96,-0.35130079927765123,1.1803222051437634,0.0038090355810709298,0.07975260416666667,-1.712898810704549,-0.0029875324689783156,1.4642859622836113
382,782336,96,-0.30427481964423275,1.144326560038357,0.005490742148443435,0.061442057291666664,-1.7122979660828908,-0.0008230296759090076,0.7284261137247086
383,784384,96,-0.2654228803499468,1.2039338812255456,0.008107951716131842,0.086669921875,-1.7125432988007863,0.00031532920547761023,0.9303397710124651
384,786432,96,-0.2587231037999551,1.423683467445031,0.008374527911655605,0.091064453125,-1.7108331074317296,-0.0027391243008120605,9.872303615013758
385,788480,96,-0.20474284640163565,1.397410969846586,0.0050973812661444145,0.07283528645833333,-1.7045839528242748,-0.001029248713166453,2.2186018290619054
386,790528,96,-0.18434609091118984,1.3559461890895372,0.006017622576716046,0.08536783854166667,-1.7009806980689366,0.0011562098322125773,0.5668548333148161
387,792576,96,-0.2115971215418104,1.3660447871383588,0.006382281581560771,0.08097330729166667,-1.7053292195002239,0.002934367958611498,0.6494813971221447
388,794624,96,-0.1996063154280474,1.1951719445939846,0.005976267779866855,0.09431966145833333,-1.7081937392552693,0.0009816275366271536,0.9662403464317322
389,796672,112,-0.2536947543067051,1.1233092526400867,0.003419702911439041,0.047281901041666664,-1.7086387823025386,-0.0012698264617938548,0.8036011680960655
390,798720,96,-0.30460509868564556,1.2049834282799325,0.0034323496317180493,0.056315104166666664,-1.7128359377384186,-0.0017234746580167364,1.4050017148256302
391,800768,96,-0.3310312647996031,1.2573691704627843,0.004474215122172609,0.06990559895833333,-1.7105092356602352,-0.000951197604687574,1.522241398692131
392,802816,96,-0.3691352936358438,1.2410511315393309,0.005996043046858783,0.06730143229166667,-1.7064181119203568,0.001159134577998581,0.789876950904727
393,804864,96,-0.3602580380115834,1.2479242853618493,0.007115948431116219,0.09130859375,-1.7001513838768005,-0.0006057357337946693,2.567024533947309
394,806912,96,-0.3313901212736805,1.219557195898763,0.003561414167052135,0.037272135416666664,-1.7075970272223155,-7.150637005300571e-05,0.5148019753396511
395,808960,96,-0.27522537748041587,1.1469782769686614,0.0082856836670544,0.061930338541666664,-1.7169965157906215,-0.002125358189611385,0.545066233103474
396,811008,96,-0.2682176797759302,1.274787920712396,0.004728532881320764,0.054931640625,-1.7113683025042217,-0.0007712713219613457,2.7618442475795746
397,813056,96,-0.2078348561595655,1.2262349841685831,0.0077575877561078714,0.07845052083333333,-1.7181818634271622,-0.0008574055294351032,0.7280806495497624
398,815104,96,-0.29198630435790035,1.2689731525210244,0.006125566995857905,0.07755533854166667,-1.7278242260217667,-0.004043712872468556,1.4549515545368195
399,817152,112,-0.2970595388055334,1.3594800688402888,0.0020390067754002907,0.028157552083333332,-1.7307547728220622,-0.0009462275096060088,4.7644290166596575
400,819200,96,-0.2606517340101173,1.2382044040257962,0.0032031926481674113,0.032958984375,-1.7260934909184773,-0.001200929031862567,1.0388219356536865
401,821248,96,-0.29464669207038063,1.358376984770071,0.0031899358630956462,0.039876302083333336,-1.727338860432307,-0.0016028000100050122,2.9577905188004174
402,823296,96,-0.27820477453662124,1.292162368105269,0.004207566118566319,0.052083333333333336,-1.7336184134085972,-0.0007736795426656803,0.9020344875752926
403,825344,96,-0.36078873589258853,1.3298126220734812,0.005708518428339933,0.033854166666666664,-1.7446310420831044,-0.0010808926696578662,1.5273219098647435
404,827392,96,-0.3330555486461725,1.2776783275223371,0.007600687415106222,0.08683268229166667,-1.7426650871833165,0.0013421048352029175,1.3660114941497643
405,829440,96,-0.37658991315475304,1.173300491926018,0.0029280994785949588,0.062174479166666664,-1.747565026084582,6.963073974475265e-05,1.6509605944156647
406,831488,96,-0.39808344316507616,1.281819495541418,0.004695083829574287,0.050862630208333336,-1.75371053814888,-0.0005969501216895878,2.8456991290052733
407,833536,96,-0.3384508828430181,1.314679369230992,0.006912013768063237,0.07950846354166667,-1.7556130836407344,-0.0033115037076640874,1.3115292818595965
408,835584,96,-0.33927718010948493,1.316620839287895,0.0067720040581965195,0.08211263020833333,-1.7638464520374935,0.001957993178317944,1.934448916465044
409,837632,96,-0.284207963689043,1.330463733568669,0.002519390070422863,0.046549479166666664,-1.7590564489364624,-0.0010138780635315925,0.9969574448963007
410,839680,112,-0.21844601191574156,1.2852826867853229,0.004399855456237371,0.0498046875,-1.7619667053222656,0.0003216360443426917,1.1439281838635604
411,841728,96,-0.24549330219358584,1.310400503729777,0.004776494693942368,0.09041341145833333,-1.76778740187486,-0.0003669588962414612,2.1417696587741375
412,843776,96,-0.20416575585392888,1.236476791160334,0.00919889819730694,0.109130859375,-1.7564986099799473,0.0026419318843788155,0.6424318421632051
413,845824,96,-0.22946340723279549,1.2446142036565113,0.007176913718770568,0.06673177083333333,-1.745411331454913,-0.0038922263241450614,2.190388236194849
414,847872,96,-0.2800247306480859,1.2288555814205964,0.0026694525052638105,0.03271484375,-1.7478550622860591,0.0012413905351422727,1.0833542222778003
415,849920,96,-0.3194591728026312,1.163143689056771,0.003956163496089478,0.06795247395833333,-1.7499849200248718,-0.0015346408472396433,1.1488126267989476
416,851968,96,-0.341500004339977,1.1786638950501975,0.008074838697211817,0.0908203125,-1.7454289942979813,0.00025895796231149387,0.7608675857385
417,854016,96,-0.3642898791351894,1.2499862315204877,0.0006833916995674372,0.037760416666666664,-1.746057356397311,-0.0005820183432660997,3.25458654264609
418,856064,96,-0.32455392593075666,1.2534466288646862,0.006292916223173961,0.10148111979166667,-1.7489608426888783,0.002071051024055729,1.207795965174834
419,858112,96,-0.3795566908244179,1.4209041865018317,0.0035841278828835734,0.050944010416666664,-1.7517973432938259,-0.004667808068916202,8.324255764484406
420,860160,112,-0.41008133219375514,1.4815658682334607,0.006674115109490231,0.07486979166666667,-1.7518141915400822,0.00018032068813530108,2.2953779933353267
421,862208,96,-0.3380425484212789,1.3798909668287453,0.003946139622712508,0.050618489583333336,-1.7574080179135005,-3.5000897090261183e-06,0.7605008644362291
422,864256,96,-0.3289438275319073,1.3417811343196115,0.009053862352933114,0.07828776041666667,-1.7663164834181468,-6.283941911533475e-05,0.7984816121558348
423,866304,96,-0.2649755310026961,1.156277710419211,0.005483569984789938,0.07438151041666667,-1.7721420973539352,-0.0018328136357013136,1.4042562991380692
424,868352,96,-0.24128474394709976,1.1663584681922743,0.006178388090726609,0.08650716145833333,-1.768906980752945,-0.0007699527971756955,1.612279870857795
425,870400,96,-0.2526708071713567,1.176166294146645,0.003894951893016696,0.0322265625,-1.7723509619633357,-0.00046190936700440943,1.471166580915451
426,872448,96,-0.2553789292056619,1.2312213311441473,0.002553443434104944,0.02587890625,-1.7787341326475143,-0.00035848497645929456,2.5388317642112574
427,874496,96,-0.2796081582838993,1.3044243175808794,0.009745922851531455,0.11555989583333333,-1.782660722732544,-0.004151096407440491,2.777988664805889
428,876544,96,-0.24589931110676078,1.2415317614206551,0.0059429456111198915,0.09016927083333333,-1.782148743669192,0.0009510573096728573,0.7516362847139438
429,878592,96,-0.2755842067129073,1.218556054143356,0.0069355686428025365,0.09285481770833333,-1.775621737043063,0.003772751059538374,0.9823068951567014
430,880640,96,-0.29180080587208834,1.1584129541004857,0.006874994229292497,0.08463541666666667,-1.7788415451844533,0.00021608201010773578,1.0064321768780549
431,882688,112,-0.25224190964100013,1.1388609683822783,0.0035797382588498294,0.088134765625,-1.7813831617434819,-0.0020116996796180806,2.182679864267508
432,884736,96,-0.2738257489516177,1.1675645311150125,0.006412645132513717,0.10123697916666667,-1.7853167702754338,0.003872527178221693,1.108437679708004
433,886784,96,-0.20767949356932017,1.0924644784265307,0.008701330293357993,0.065185546875,-1.7929430852333705,-0.0018389676503526668,0.40660684866209823
434,888832,96,-0.20509835651259345,1.1570501344938338,0.005728248904536788,0.07478841145833333,-1.7929225812355678,-0.0018328307681561757,1.3966970928013325
435,890880,96,-0.237616117124086,1.2431595199867005,0.0040038291093272465,0.049235026041666664,-1.7884805003801982,0.0008701633875413487,2.422356106340885
436,892928,96,-0.22466323000038257,1.2086678197161835,0.005770572296266134,0.055257161458333336,-1.7967502574125926,-0.0020952795554573336,1.4275893419981003
437,894976,96,-0.2342464576934616,1.2664663031322942,0.0029879099262567856,0.06599934895833333,-1.799163704117139,-0.0016177812358364463,1.4342799000442028
438,897024,96,-0.2870922460472963,1.333913708693582,0.004926062800223008,0.07210286458333333,-1.8096776455640793,-0.002726022644007268,2.694078367203474
439,899072,96,-0.3110528634386468,1.3318704417206093,0.006073826962771515,0.08162434895833333,-1.8192730049292247,-0.0001837420374310265,1.9778937796751659
440,901120,96,-0.3029043088452419,1.2888977269400974,0.004264714962725217,0.050944010416666664,-1.8157269060611725,-0.0009771013865247369,0.7954935375601053
441,903168,112,-0.42647138190766787,1.3175661548128428,0.0035825358160460987,0.037027994791666664,-1.8103596518437068,-0.0008484358744074901,1.8007673335572083
442,905216,96,-0.38723718198381546,1.3123910485482353,0.0038758978286447623,0.054931640625,-1.8088146895170212,-0.00025223450696406263,2.0959445933500924
443,907264,96,-0.3530420393902148,1.2543869678770805,0.004889781974876921,0.041910807291666664,-1.8072396318117778,-0.0010205511935055256,0.6675568347175916
444,909312,96,-0.31793740354405803,1.2255206686705165,0.007115014091444512,0.07023111979166667,-1.818846156199773,-0.003482880880862164,0.5971975972255071
445,911360,96,-0.259059352393386,1.210514653259816,0.007557653230226909,0.09375,-1.8327846477429073,0.0017332256150742371,4.690021716058254
446,913408,96,-0.21122283733787622,1.1141478295448042,0.0033598609540301063,0.051350911458333336,-1.8355772892634075,0.00022527606536944708,1.1272267252206802
447,915456,96,-0.20677853006755176,1.1554304239935933,0.004387081610426928,0.042154947916666664,-1.8423228114843369,-0.001009164562371249,0.8405712551126877
448,917504,96,-0.22097629875349042,1.1998153245125567,0.001841734735838448,0.043619791666666664,-1.8510731160640717,0.0005679224414052442,1.173418290913105
449,919552,96,-0.2215876352649637,1.2292336794317695,0.007250889767116557,0.087890625,-1.8579588780800502,0.00040681138246630627,0.6342103946954012
450,921600,96,-0.2875447267648463,1.188522550439273,0.0048961513869774835,0.07560221354166667,-1.8646984547376633,-0.0007343668160804858,1.5794253734250863
451,923648,96,-0.2877694292928423,1.1658844307298781,0.0057077946451803046,0.059733072916666664,-1.8679035554329555,-0.0019262024919347216,0.7151575696965059
452,925696,112,-0.32705669253334235,1.1486945921051768,0.005378473938132326,0.0595703125,-1.8727189203103383,-0.0030332092865137383,2.0331055161853633
453,927744,96,-0.38615113291937986,1.2101132878435588,0.0023117196590950093,0.029541015625,-1.8769550671180089,8.397659985348582e-05,2.5117831577857337
454,929792,96,-0.3520365846953961,1.2245443060073173,0.004728517204057425,0.048421223958333336,-1.8733882109324138,-0.0003241690671226631,1.457702590773503
455,931840,96,-0.40561454738526026,1.286733667926719,0.005405992599359403,0.070556640625,-1.8759286006291707,0.0009471661372420689,1.751617179562648
456,933888,96,-0.3882667125092549,1.291607781796721,0.008098762385391941,0.09798177083333333,-1.8844883441925049,-0.0013336331903701648,1.2118732333183289
457,935936,96,-0.37634451766381205,1.3092130269602922,0.010046998359030113,0.08943684895833333,-1.8917897045612335,-0.0020423312089405954,1.7355004101991653
458,937984,96,-0.3667443644571069,1.357232872353211,0.005899255852758263,0.07332356770833333,-1.8951936761538188,-0.0023749302296588817,2.2165662522117295
459,940032,96,-0.3635032741913398,1.3499235323534753,0.0024602356813071915,0.05029296875,-1.8882392247517903,0.0008035059630249938,1.7408675625920296
460,942080,96,-0.3670709612128044,1.3379038599616133,0.004448083209960411,0.06282552083333333,-1.8837276895840962,-0.0017943776183528826,0.9961030458410581
461,944128,96,-0.3641445261717595,1.2983276445777936,0.004187361230530466,0.05419921875,-1.8843110551436741,0.0009729993204625013,0.9951513620714346
462,946176,112,-0.4205604025312644,1.257868615989237,0.005427794007118791,0.06876627604166667,-1.881743962566058,0.0003724975298003604,2.0596587682763734
463,948224,96,-0.3938369854383005,1.2265018262912273,0.005778994663463284,0.061848958333333336,-1.8845236798127492,-0.0008664134268959364,0.918624064574639
464,950272,96,-0.3720126082880109,1.298492780723406,0.00541397015331313,0.056803385416666664,-1.9000132878621419,-0.0002901217861411472,1.8217033681770165
465,952320,96,-0.3677928931122493,1.3320736331074319,0.003010962624102831,0.053385416666666664,-1.909822901089986,0.001180590964698543,1.314751793940862
466,954368,96,-0.29296296749532597,1.3296185105935483,0.002638055186253041,0.055501302083333336,-1.9097908586263657,0.0011246796590664114,3.502245875696341
467,956416,96,-0.37564509675713853,1.3649374624939399,0.002748216938925907,0.054768880208333336,-1.9097093890110652,0.0024067622143775225,1.6723425686359406
468,958464,96,-0.3953918863749666,1.394456980355843,0.004600397020112723,0.06591796875,-1.9098571985960007,-0.0017418466159142554,3.295025215794643
469,960512,96,-0.4023778520197807,1.3724594911944927,0.0021994130899353572,0.043212890625,-1.9178188741207123,0.0008352342944514627,1.4040825255215168
470,962560,96,-0.47901685290465273,1.3380356936667572,0.004908866510959342,0.05615234375,-1.930196762084961,0.0022126028197817504,1.4347383454442024
471,964608,96,-0.3032907204045371,1.3111478723006986,0.003174592313977579,0.041259765625,-1.9288027534882228,-0.000630717045472314,0.5818240468700727
472,966656,96,-0.25448080994379346,1.2080902492267953,0.008127758279442787,0.07535807291666667,-1.9409680863221486,0.0010467524213405948,1.0207515979806583
473,968704,112,-0.26064805790283435,1.209236455402571,0.00487642102719595,0.047444661458333336,-1.951555887858073,0.0009289899996171395,0.9634087433417639
474,970752,96,-0.21012657713419786,1.1953265744751465,0.004614806569103773,0.060139973958333336,-1.951956922809283,-0.0008101909237060075,0.8089652570585409
475,972800,96,-0.3540782055749853,1.197813949690718,0.0036906887156267962,0.043212890625,-1.9518369485934575,-0.0012447264258905004,1.353424207617839
476,974848,96,-0.3335566710511786,1.17134100756516,0.005872910444547112,0.077880859375,-1.9482072691122692,0.0008066529117058963,1.0712576992809772
477,976896,96,-0.32217818899642253,1.1687093868583645,0.0032951429505677274,0.06868489583333333,-1.9349249005317688,-0.0016162353664791833,1.4274829576412837
478,978944,96,-0.321943681316104,1.2324435819480353,0.006748660108617817,0.06591796875,-1.933499351143837,1.6678958976020414e-05,1.7830533124506474
479,980992,96,-0.26921294721022554,1.2365216029745907,0.005888388472764443,0.084228515625,-1.9390926609436672,-0.001854771951911971,1.4980193662146728
480,983040,96,-0.2506421973167402,1.2843797927216793,0.0022969188479085765,0.05615234375,-1.9470477203528087,-0.001161693731167664,2.0772576990226903
481,985088,96,-0.28078863909992835,1.3521743315372547,0.0031395358964800835,0.059733072916666664,-1.950836459795634,-0.001499094379444917,1.6005774835745494
482,987136,96,-0.22990276039153745,1.3115334572115065,0.008001610122543449,0.054361979166666664,-1.9526376227537792,0.00014317004630963007,1.3699552603065968
483,989184,112,-0.18288837431335211,1.2791910220749616,0.011737459814564014,0.14388020833333334,-1.947515606880188,0.004971224543017645,0.8079588289062182
484,991232,96,-0.2249025338412733,1.2194536733606058,0.008543456749369701,0.10921223958333333,-1.941204031308492,0.004079963454084161,0.5775793058176836
485,993280,96,-0.19274858337016645,1.1272823896943795,0.005241002489735062,0.06892903645833333,-1.9433208853006363,-0.000591368395059059,0.5919364442427953
486,995328,96,-0.16986062380941216,1.0752170612149885,0.006274397834204137,0.06917317708333333,-1.9465938210487366,0.003075822013973569,0.562724977110823
487,997376,96,-0.2115997143166011,1.035634893856778,0.012634746895249313,0.07747395833333333,-1.9449585775534313,-0.0016454063491740574,0.7560347504913807
488,999424,96,-0.26144712962577343,1.079014628384007,0.002706715303550785,0.047770182291666664,-1.9380958378314972,-6.660205932954948e-05,0.8619690152506033
489,1001472,96,-0.2905332786871804,1.0801529223407047,0.007247518107760698,0.07234700520833333,-1.9393258343140285,0.00042530761371987563,0.7961735147982836
490,1003520,96,-0.27958533720980183,1.125255371545508,0.013276016805320978,0.15559895833333334,-1.9326913555463154,0.00517412310000509,1.1316911193231742
491,1005568,96,-0.3171572976352402,1.2320904808644464,0.002493472391506657,0.055826822916666664,-1.9290040383736293,-6.26703646654884e-05,3.191672783344984
492,1007616,96,-0.2740808689601459,1.294046594208479,0.003135122077461953,0.029459635416666668,-1.9324907412131627,0.0004845510605567445,2.6696844746669135
493,1009664,96,-0.2980220539234042,1.3523194379011647,0.010594368174982568,0.11344401041666667,-1.9323297441005707,-0.0005074980823944012,2.8719480161865554
494,1011712,112,-0.3119423395479646,1.3842342780863994,0.007549681254507353,0.0830078125,-1.933808704217275,0.0012620727259976168,1.1114634710053604
495,1013760,96,-0.34692215817970884,1.4231032667171983,0.005141406514060994,0.076171875,-1.9435230592886608,0.002194625267293304,5.647793288032214
496,1015808,96,-0.3596548841471916,1.3492301666155968,0.0046021874295547605,0.06486002604166667,-1.950369233886401,0.0018518952371474977,0.8227918408811092
497,1017856,96,-0.3730103079345046,1.302933373154306,0.0038380505381307253,0.047119140625,-1.9533922572930653,-0.0005106561390372614,1.0739450032512348
498,1019904,96,-0.37232722774125493,1.2741345935013049,0.00655097405736645,0.06502278645833333,-1.9596882909536362,-0.003728106249279032,1.2549350373446941
499,1021952,96,-0.3231572080601984,1.1121505416864121,0.007085508686335136,0.07657877604166667,-1.9596415162086487,-0.002471686602802947,0.6074314465125402
500,1024000,96,-0.33711740865780315,1.1459979271584935,0.008257898414740339,0.077880859375,-1.9534653623898823,0.0009326802877088388,1.0233992549280326
501,1026048,96,-0.23771308899465254,1.136107055443013,0.005552249669563025,0.041259765625,-1.9411682039499283,-0.0011568266490940005,0.6770857113103071
502,1028096,96,-0.23146202695195442,1.1374816666650434,0.005390407827993234,0.052571614583333336,-1.9342583169539769,-7.120402127232713e-05,0.7792871817946434
503,1030144,96,-0.2872797917544688,1.2213131027346469,0.0026864848526505134,0.07364908854166667,-1.9367087582747142,0.0002554936606126527,3.407535227636496
504,1032192,112,-0.31655574898208144,1.293844319901462,0.003695309850930547,0.06477864583333333,-1.9372684458891551,0.00010984112062336256,2.0181805789470673
505,1034240,96,-0.3529484314736482,1.2830081739225807,0.00622617199163263,0.052978515625,-1.9377845029036205,-0.0005712712105984489,0.7047665727635225
506,1036288,96,-0.3675643760391485,1.259171272379612,0.006503607864336421,0.07657877604166667,-1.9300056795279186,0.002078106908205276,0.7962211792667707
507,1038336,96,-0.3413199218230971,1.2367135414785049,0.004928803498235841,0.08333333333333333,-1.9272403766711552,0.003144507519512748,1.2244956518212955
508,1040384,96,-0.33926225421076217,1.2218984932360464,0.004231307238417988,0.08260091145833333,-1.934859370191892,-0.001999162525559465,0.914293073117733
509,1042432,96,-0.3631117900268619,1.3744813604312005,0.0040823825014134245,0.060302734375,-1.9463567833105724,0.001379647971286128,7.0066978931427
510,1044480,96,-0.2902013017919138,1.4297813626275226,0.0019982627709396183,0.025309244791666668,-1.9500951766967773,-0.0012743454814578097,1.5543958035608132
511,1046528,96,-0.2324913974233695,1.393497029635574,0.008711687667528167,0.09464518229166667,-1.9523136218388875,-0.000591221769961218,0.6803840007632971
512,1048576,96,-0.20189964600310886,1.3879615600343627,0.0042844001145567745,0.046875,-1.9553761432568233,0.0015850302249115582,1.7470620001355808
513,1050624,96,-0.17918962788811674,1.3419143251767869,0.004015752327783654,0.045003255208333336,-1.951449379324913,0.0009285562749331197,1.6579953283071518
514,1052672,96,-0.21318995963277004,1.251623456350017,0.003128413110971451,0.049967447916666664,-1.9532414774099986,-0.0005866196394587556,0.9274660435815653
515,1054720,112,-0.2504070634623913,1.3125638040508714,0.0029535475672067455,0.026041666666666668,-1.964183121919632,0.00016727317415643483,0.8804946132004261
516,1056768,96,-0.28530232847672954,1.3499980758813344,0.007862997949511433,0.107421875,-1.976213425397873,-0.0024432540667476133,2.1296680172284446
517,1058816,96,-0.2909820143827934,1.4201290727047842,0.010331871317854771,0.10245768229166667,-1.9778231978416443,-0.0006785277316036323,3.9624182681242623
518,1060864,96,-0.32794135200068736,1.464774968527078,0.005632497525463502,0.06510416666666667,-1.9837749600410461,-0.002496063068974763,1.5921021488805611
519,1062912,96,-0.3755133059445852,1.528315862416052,0.0032169961001879224,0.07991536458333333,-1.995403620103995,-0.0009237019694410264,2.705009122689565
520,1064960,96,-0.37722848716756696,1.4722856648226537,0.005612662207568064,0.08292643229166667,-2.007327268520991,0.004746017337311059,1.3962906934320927
521,1067008,96,-0.32337922770460614,1.3554807166812128,0.004854428339361523,0.06201171875,-2.0179716050624847,0.0017366095356313356,1.3461640017728012
522,1069056,96,-0.30034113814032565,1.3143026891218603,0.005937956312360863,0.054117838541666664,-2.021921763817469,0.0002621000894578174,0.6646465845406055
523,1071104,96,-0.25014208373297736,1.1348432654752183,0.005972265033051372,0.040771484375,-2.025296946366628,-0.0006779990362701938,0.5773580639312664
524,1073152,96,-0.1894636556447801,1.1462715896782345,0.004644992363561566,0.049479166666666664,-2.0386723379294076,0.0002386895939707756,1.0113390733798344
525,1075200,96,-0.22622270386517734,1.199396753406803,0.01082609397902464,0.08211263020833333,-2.041303445895513,-0.0009697167261037976,1.86051840086778
526,1077248,96,-0.28109017359584226,1.2221565285576779,0.003502595218985031,0.040690104166666664,-2.042036145925522,0.0008267303831720104,1.2299140791098278
527,1079296,96,-0.23934278836837058,1.2527681015622514,0.00669726471339042,0.07975260416666667,-2.0465839306513467,0.0014662391622550786,1.1851449273526669
528,1081344,96,-0.29124862545765867,1.263307838349912,0.0052944600756745785,0.08894856770833333,-2.043197880188624,0.0013598507503047585,0.8339113468925158
529,1083392,96,-0.3033957196762886,1.2171167063787065,0.008742320137874534,0.12467447916666667,-2.0480978389581046,0.002388986215616266,1.1863196169336636
530,1085440,96,-0.23503272319194263,1.1785225335241396,0.017211910424521193,0.194091796875,-2.048609753449758,0.010840406912999848,0.949286125600338
531,1087488,112,-0.28942656047507387,1.2088936326514055,0.006790389365050942,0.108154296875,-2.038786470890045,0.0027291956066619605,1.0069650275011857
532,1089536,96,-0.31553280121972094,1.2560190903377697,0.0031949869201829038,0.06770833333333333,-2.0367623567581177,0.00015288356613988677,1.5551157879332702
533,1091584,96,-0.28251014922912004,1.2751582763905933,0.0031328621747282646,0.08976236979166667,-2.042568782965342,-0.00027268854319117963,2.0137102901935577
534,1093632,96,-0.3299514598560301,1.3627087868342018,0.004537641255107398,0.035888671875,-2.034018854300181,-0.00024058512644842267,2.1375266648828983
535,1095680,96,-0.28781118281004003,1.5605525668147717,0.0034181470303641013,0.08284505208333333,-2.0203604698181152,-0.0028025067294947803,19.913006578882534
536,1097728,96,-0.28020918923836785,1.5174469965711823,0.004893308398701872,0.034016927083333336,-2.019914815823237,-0.0002309509824650983,1.2122796090940635
537,1099776,96,-0.32015358406738464,1.46107095819937,0.002010817280582463,0.058186848958333336,-2.024871975183487,-0.0012242760858498514,0.7747235695521036
538,1101824,96,-0.24386056842359133,1.3943430662621572,0.006016421374321605,0.056966145833333336,-2.0245223542054496,-0.0009130092512350529,0.7087253679831823
539,1103872,96,-0.2456509962513298,1.1837827490317607,0.0045688685883457465,0.07666015625,-2.0176508824030557,0.0009728109628971046,0.9832457775870959
540,1105920,96,-0.22006758071089635,1.1685510077429138,0.005637106902819748,0.072265625,-2.014526138703028,-0.00031032186234369874,0.6945015384505192
541,1107968,112,-0.2372444309777739,1.2216820582356394,0.0032236521365121007,0.04296875,-2.009001205364863,-0.00032087627914734185,1.0387615151703358
542,1110016,96,-0.28089329006281927,1.2679422836474024,0.005424525870087867,0.06868489583333333,-2.0135619044303894,0.0006331527547445148,1.2332880062361558
543,1112064,96,-0.32463344492129087,1.2391108868020755,0.008248888305388391,0.11783854166666667,-2.0105128983656564,0.0013474615989252925,0.9589862215022246
544,1114112,96,-0.3509401570735241,1.2799442742179958,0.0012444673823968817,0.03955078125,-2.0021301408608756,-0.000357703819948559,1.4560373909771442
545,1116160,96,-0.28312399322162446,1.26095605194298,0.006230633628244202,0.07527669270833333,-2.008079558610916,0.0021363186388043687,0.739582572132349
546,1118208,96,-0.2546518391041912,1.2469211152160027,0.004555908186982076,0.039388020833333336,-2.0107083121935525,6.963363072524468e-06,1.654153037816286
547,1120256,96,-0.19917291257010003,1.3337122626586502,0.004336846517010902,0.033203125,-2.0184943477312722,0.0004174111333365242,2.647863252709309
548,1122304,96,-0.22143462363879557,1.3775392203977241,0.003650738683063537,0.035237630208333336,-2.0277684231599173,0.001221022437675856,3.417597842713197
549,1124352,96,-0.2722701311155406,1.3799904409830996,0.007133639078044022,0.06005859375,-2.037631700436274,-0.0012267963417495291,1.6901346469918888
550,1126400,96,-0.3285753598548196,1.383510022313992,0.004933704272843897,0.05859375,-2.033024956782659,-0.0034055336048671356,0.765583474189043
551,1128448,96,-0.27791147733250954,1.2807458190922238,0.01491510848669956,0.16585286458333334,-2.0314079324404397,0.005610783215767394,1.0356119088828564
552,1130496,112,-0.2505811876595919,1.1922361347297783,0.005845329840667546,0.054117838541666664,-2.037172555923462,0.0018584954814286903,0.8091624813775221
553,1132544,96,-0.22870511052793652,1.150161190896308,0.002898038578374932,0.05322265625,-2.0425275762875876,-0.0027580600678144642,1.1045946304996808
554,1134592,96,-0.19575784372000052,1.1813238932811987,0.007002380094490945,0.074951171875,-2.048555016517639,0.00018748468331371745,2.681566263238589
555,1136640,96,-0.2666579899009341,1.2389031188703077,0.005385784519603476,0.066162109375,-2.048651695251465,-0.002898195816669613,2.1293990736206374
556,1138688,96,-0.3016431496729583,1.2418471524317813,0.005083440036590521,0.07218424479166667,-2.0399939815203347,-0.0017064860779404019,1.0163062053422134
557,1140736,96,-0.2855767964313687,1.2851020783820333,0.005438145618730535,0.054036458333333336,-2.0458518266677856,0.0005938528580979133,1.56644698108236
558,1142784,96,-0.28436401002423733,1.2184720807901324,0.004519778235893075,0.08154296875,-2.0552578270435333,0.0011974561590856563,1.0254199132323265
559,1144832,96,-0.31925764577182636,1.26578444721448,0.0034360955469310284,0.05615234375,-2.061596304178238,-0.0005548270419239998,2.9874219621221223
560,1146880,96,-0.42198770718706075,1.3906100872211926,0.004510835045948625,0.038981119791666664,-2.0624613662560782,-0.001455389855739971,2.903978355228901
561,1148928,96,-0.3746053739672468,1.3510660209674192,0.002745599893387407,0.032877604166666664,-2.0655476649602256,-0.0006370967797314128,0.710226076344649
562,1150976,112,-0.37590566502633094,1.3300971191980777,0.0027467008815923086,0.043212890625,-2.078482002019882,-0.0011214253221017618,0.7898295695583025
563,1153024,96,-0.35735670144569276,1.2764365559207538,0.00877738082393383,0.12662760416666666,-2.0847428739070892,0.0034452401693367087,1.211195586870114
564,1155072,96,-0.2552397351758361,1.16739692441914,0.007718608113160978,0.098876953125,-2.079305132230123,7.261562859639525e-05,0.9193977043032646
565,1157120,96,-0.2896330070074271,1.218756157354452,0.004772430935796971,0.087646484375,-2.080928236246109,0.00180024888444071,0.8486573050419489
566,1159168,96,-0.30738843195334636,1.2258775286130017,0.003359217575052753,0.072509765625,-2.086119661728541,-0.00019326178880874068,0.6912528773148855
567,1161216,96,-0.2365897262924983,1.2389102111703187,0.0026766467878284552,0.060465494791666664,-2.0868446230888367,7.774195789049069e-06,1.4198314771056175
568,1163264,96,-0.2893144523233245,1.2759465398852465,0.004522031017889579,0.07438151041666667,-2.087899257739385,0.001318292022915557,2.238728622595469
569,1165312,96,-0.29691980041599175,1.2877804142069271,0.006010296938863273,0.07666015625,-2.0922405421733856,0.0005384316706719497,1.719978604465723
570,1167360,96,-0.2525903616059656,1.335972965077935,0.00657353379453222,0.07340494791666667,-2.096728046735128,0.0013982455857330933,1.0426515402893226
571,1169408,96,-0.30558129556899155,1.3218688835776529,0.006874801038065925,0.0927734375,-2.108879715204239,0.0005769547812330226,1.0219059785207112
572,1171456,96,-0.30073626622009286,1.3072843013983189,0.006358410998169954,0.073486328125,-2.114011804262797,-0.00028198080447812873,0.8142846450209618
573,1173504,112,-0.28048363040551566,1.2536894976585595,0.005904319502102832,0.09130859375,-2.1149402956167855,0.0025227952476901314,1.2852095911900203
574,1175552,96,-0.29480861223265875,1.201609049963567,0.006322346792633955,0.06876627604166667,-2.114419917265574,-1.3317093059110144e-05,1.363471269607544
575,1177600,96,-0.24466462814313103,1.2251922025419417,0.005858988336209829,0.10091145833333333,-2.116294334332148,0.003051824819218988,1.0810237936675549
576,1179648,96,-0.2933712238728348,1.2232878615962495,0.004838694323552772,0.07511393229166667,-2.1203661958376565,-0.00042640772880986333,1.07483380412062
577,1181696,96,-0.26161048545530946,1.2548190967413082,0.00859552096032227,0.08601888020833333,-2.116915355126063,0.0008543691947124898,1.3786619206269581
578,1183744,96,-0.2613660806552088,1.2693360980870672,0.007585991183683897,0.07926432291666667,-2.116767873366674,-0.0003729763557203114,0.7539725936949253
579,1185792,96,-0.3409186747153785,1.2229973042233602,0.007263967806162934,0.06819661458333333,-2.126648724079132,-2.2347938890258472e-05,0.7359008627633253
580,1187840,96,-0.25660257468941317,1.2198516995673505,0.00997015267300109,0.135986328125,-2.1306590934594474,0.005368266487494111,0.944254731759429
581,1189888,96,-0.23760959151290456,1.1703166925630537,0.009359484363812953,0.1171875,-2.1249995728333793,0.0026059348650354273,0.649551143248876
582,1191936,96,-0.2404484033836679,1.1025940511247179,0.010557645281854397,0.10603841145833333,-2.1204337179660797,-0.0017117767905195553,0.5816513746976852
583,1193984,112,-0.2121904961359319,1.1177445804707644,0.008948804956162348,0.09635416666666667,-2.1203386187553406,-0.005169523569444816,0.8027465927104155
584,1196032,96,-0.2531266099887839,1.082177155734837,0.007699779875110835,0.081787109375,-2.1233671605587006,0.0037435424455907196,0.6562017581115166
585,1198080,96,-0.3152562416109995,1.2115998680984634,0.004946839762851596,0.06412760416666667,-2.1238297820091248,-0.000615069157599161,5.722326834996541
586,1200128,96,-0.383078699584034,1.2513679878836728,0.0040445716585963964,0.07332356770833333,-2.1213015615940094,0.0017186596717995901,1.2723430208861828
587,1202176,96,-0.4463566476780626,1.3388018058179432,0.0038632480233597257,0.040364583333333336,-2.1172402600447335,0.0014685232017654926,2.2652077128489814
588,1204224,96,-0.44354777893950503,1.3751304860042275,0.007179274398367852,0.08756510416666667,-2.120706876118978,0.0022496986008870104,1.0239374376833439
589,1206272,96,-0.4367256878914008,1.3042372436000076,0.006524411369658385,0.07307942708333333,-2.125697076320648,0.0018139474656588088,1.0631226288775604
590,1208320,96,-0.47420363073385674,1.3746652255047287,0.011487708679245165,0.136962890625,-2.1225539247194924,-0.0033613928341461965,4.252479088803132
591,1210368,96,-0.36722077302687794,1.3137190359740458,0.00475918310500371,0.050862630208333336,-2.1249997516473136,-0.0017110293362444888,0.9763581541677316
592,1212416,96,-0.42162166868226947,1.3034257276237255,0.011912494286661968,0.13077799479166666,-2.1282432476679483,0.0013097827516806622,1.0866833763817947
593,1214464,96,-0.3293234297672988,1.3183907487603204,0.0033484056184533983,0.047444661458333336,-2.1302524507045746,-0.0010895321126251172,1.1796213214596112
594,1216512,112,-0.2582409309679963,1.2365801747913379,0.0031478301195117333,0.054280598958333336,-2.1321907937526703,0.0004957954224664718,1.0135516822338104
595,1218560,96,-0.23088449321898724,1.251056261177777,0.00806431942813409,0.11100260416666667,-2.136439989010493,0.0007903568427233646,0.7282023833443722
596,1220608,96,-0.18395940600212973,1.2376707668582174,0.0070136032106044395,0.09456380208333333,-2.1333798269430795,0.0010152878627801936,0.8454971201717854
597,1222656,96,-0.2261267593220387,1.2062289835508582,0.014889395795762539,0.14534505208333334,-2.142534097035726,0.005654582892020699,0.7726848808427652
598,1224704,96,-0.17776004473565915,1.1580259718322479,0.0058223454204077525,0.097900390625,-2.1454047163327536,0.002654172528612738,0.5834512046227852
599,1226752,96,-0.2500998240513415,1.1645076029411563,0.0074798067507799715,0.078369140625,-2.147034873565038,0.0006036869308445603,2.24445657680432
600,1228800,96,-0.25150561530899823,1.1557294541934306,0.007641911429042618,0.0791015625,-2.1484864751497903,-0.00017697168126081428,1.034001135577758
601,1230848,96,-0.20109663809167294,1.1661619106766214,0.00530879581735159,0.059895833333333336,-2.147370328505834,-0.0012848733458667994,0.9084445325036844
602,1232896,96,-0.25476459316329797,1.2406923065883309,0.006366752922379722,0.124267578125,-2.1471492052078247,0.0020414594813094786,2.214141685515642
603,1234944,96,-0.21190635699384278,1.2019825461891975,0.008911705527377004,0.122802734375,-2.147121806939443,0.0009173539583571255,1.07462306941549
604,1236992,112,-0.20309180463784954,1.2013140289253073,0.004281496153756355,0.058512369791666664,-2.150262306133906,-0.0021726697790048397,0.6298733130097389
605,1239040,96,-0.22158617192333854,1.1755468594858598,0.004300091667876889,0.11710611979166667,-2.149695545434952,0.0039057128014974296,0.6193059186140696
606,1241088,96,-0.24327197483656784,1.156429488713414,0.00484410331894954,0.08528645833333333,-2.147789388895035,-0.00029437633929774165,1.338852805395921
607,1243136,96,-0.2680815334419618,1.1321847825683926,0.008655681653181091,0.072509765625,-2.1427485644817352,-0.0008428486180491745,0.5622673518955708
608,1245184,96,-0.285447118556344,1.0897683233652742,0.0035283649631310254,0.08756510416666667,-2.141119490067164,0.00114226431469433,0.5990986973047256
609,1247232,96,-0.33513996499832843,1.1167670134468644,0.00652717929915525,0.09944661458333333,-2.147414207458496,0.0008498935397559156,0.9930285116036733
610,1249280,96,-0.3522416003123321,1.1280747662511135,0.008228065562434494,0.09611002604166667,-2.1410051683584848,-0.0014124327572062612,1.5881082080304623
611,1251328,96,-0.2991280377714094,1.1072949359920132,0.007895458994122842,0.10262044270833333,-2.1392309864362082,0.004621599548651527,0.6310159185280403
612,1253376,96,-0.35666548156582434,1.1634575720787899,0.003055855573620647,0.064697265625,-2.153636942307154,-0.001924842013977468,0.9651828408241272
613,1255424,96,-0.32335612232669303,1.1675103412485477,0.004457430196149896,0.060221354166666664,-2.1614869435628257,0.0009995278669521213,1.3271895262102287
614,1257472,96,-0.27287397183255346,1.1726551561551766,0.005989441386191174,0.08317057291666667,-2.1653685569763184,0.0023729835132447383,1.966040985037883
615,1259520,112,-0.33237335790743167,1.1786145266655144,0.008517215649286905,0.114013671875,-2.1721099813779197,0.003599218907766044,1.0143728591501713
616,1261568,96,-0.2863936542921677,1.147590841721652,0.004058272315887734,0.06998697916666667,-2.1702655255794525,-0.001446743980826189,0.9942479779322942
617,1263616,96,-0.2647563435774748,1.1538158034917563,0.00565932341851294,0.07023111979166667,-2.170118421316147,0.001407947876335432,0.8491722320516905
618,1265664,96,-0.3086273533287683,1.1287640160688053,0.003918241602756704,0.047200520833333336,-2.176888644695282,0.0004627369538260003,1.1380710080265999
619,1267712,96,-0.39411180322409406,1.2531104650078813,0.005098045599879697,0.061604817708333336,-2.1776202817757926,-0.0008234627021010965,2.505261088411013
620,1269760,96,-0.3287773492047921,1.2563884490734996,0.009142890785976002,0.08064778645833333,-2.1783630748589835,0.001072276655274133,1.0324650518596172
621,1271808,96,-0.3491745022724273,1.2243359677289845,0.009509484322431186,0.15641276041666666,-2.1886612872282663,0.007710664271144196,0.6334736353407303
622,1273856,96,-0.40785744198180224,1.2751403267811146,0.0016006746154744178,0.026611328125,-2.189291924238205,0.0010690193351668615,1.4325660330553849
623,1275904,96,-0.30719183969129743,1.1516964102376221,0.0035816082187617817,0.075439453125,-2.1871878703435264,0.0005384979983015606,0.8631895954410235
624,1277952,96,-0.29458159246546634,1.2058476484011296,0.005674892619329815,0.06778971354166667,-2.1946746508280435,-0.0025288444485340733,2.026364559928576
625,1280000,112,-0.3506997867667861,1.2703585445364975,0.006077466503484175,0.07373046875,-2.193454166253408,-0.0005204340850468725,1.9924151798089345
626,1282048,96,-0.30445087134265525,1.2405808652137962,0.005042713727258767,0.07194010416666667,-2.1887481113274894,-0.0017583421528494607,1.1301860672732194
627,1284096,96,-0.3091532229252603,1.2441673481685371,0.0056413074004619075,0.08585611979166667,-2.1962535083293915,0.0026465715879263976,1.076239215830962
628,1286144,96,-0.3089646318417094,1.185250410099478,0.004602006102989738,0.046793619791666664,-2.1999721129735312,-0.0014479380382302527,0.9967349662135044
629,1288192,96,-0.21836679899963726,1.0949482437713378,0.010096756101120263,0.09700520833333333,-2.2089078525702157,0.0035086084002008042,0.7147821703304847
630,1290240,96,-0.21479503336254724,1.1863770139233791,0.011612531040251875,0.12451171875,-2.214940309524536,-0.0014034269940263282,1.9765084087848663
631,1292288,96,-0.2535338564062315,1.1807686334873726,0.0062506075579828275,0.07779947916666667,-2.217929075161616,0.0009419969089018801,1.0335373133420944
632,1294336,96,-0.2890546502316574,1.1927437121817037,0.004258257055577512,0.074951171875,-2.2196028431256614,0.00015526695642620325,0.959227193146944
633,1296384,96,-0.2556912421750207,1.2085158336175452,0.007113782417339583,0.082275390625,-2.221960117419561,0.0027754335023928434,0.6260794239739577
634,1298432,96,-0.23057271824867023,1.1782707432333808,0.009113984172775721,0.08723958333333333,-2.224518140157064,-0.00205961304406325,1.3164289171497028
635,1300480,96,-0.25904396105948263,1.1616598707637673,0.0038629460032097995,0.06005859375,-2.225520431995392,-0.0011625747720245272,0.9865941715737184
636,1302528,112,-0.2659426462978454,1.124135701375682,0.005633856198983267,0.098876953125,-2.228637307882309,0.0011494070010182138,0.6015481520444155
637,1304576,96,-0.2707433884624209,1.117368891474353,0.0097361183919323,0.10945638020833333,-2.233228256305059,0.001567769698643436,0.7787382987638315
638,1306624,96,-0.2831588270943726,1.1102838956139758,0.008911711959323535,0.103759765625,-2.235826005538305,0.0023234433804949126,1.253883682191372
639,1308672,96,-0.2620252600901495,1.095563734544076,0.007644399185664952,0.10888671875,-2.2386455734570823,0.0034224840346723795,0.6905740648508072
640,1310720,96,-0.2225395042641572,1.1318281788723368,0.00862186808565942,0.106201171875,-2.238433082898458,-0.00030891776744586724,0.9596134759485722
641,1312768,96,-0.3077976430034899,1.1200042156458925,0.005884092747389029,0.081787109375,-2.235128035147985,0.003329990392861267,0.7524191488822302
642,1314816,96,-0.2715978442690599,1.1369159801628008,0.00938050554638418,0.10237630208333333,-2.2367208500703177,0.0015514314097041886,0.9574519097805023
643,1316864,96,-0.29602822113727106,1.2160980810038975,0.006546206743223593,0.060628255208333336,-2.238475948572159,-0.0032999571218776205,1.6612862286468346
644,1318912,96,-0.2803070729128495,1.2397243742804946,0.008863589842803776,0.11393229166666667,-2.2312586506207785,0.0018739642691798508,0.7057973152647415
645,1320960,96,-0.23016641960721146,1.2520127001066745,0.006278754231364776,0.06648763020833333,-2.2312919000784555,0.0025387008984883628,0.7534599962333838
646,1323008,112,-0.2525872164777907,1.2382080661665005,0.0067167911523332196,0.059977213541666664,-2.236100435256958,-0.0011375476994241278,0.9205661204953989
647,1325056,96,-0.21487554816853327,1.1464202719838164,0.01163524080766365,0.107666015625,-2.2434444427490234,0.0015737977616178493,0.707287977139155
648,1327104,96,-0.27111037601482046,1.139943832530455,0.006597039571109538,0.06949869791666667,-2.2468644181887307,0.0014418990322155878,1.3019970059394836
649,1329152,96,-0.3116062293278478,1.159832979566523,0.007771809013017143,0.09114583333333333,-2.2564520239830017,-0.0008728535807070633,1.470758815606435
650,1331200,96,-0.29906606552791165,1.1763041916834036,0.0077382690700081485,0.07682291666666667,-2.266286929448446,0.0010203802473066996,1.2117189951241016
651,1333248,96,-0.3082006545212617,1.1991806024314342,0.004251321321741368,0.064697265625,-2.268916298945745,-0.0028577089154471955,1.3095723899702232
652,1335296,96,-0.2790852659215505,1.1991451662043422,0.005461811010415356,0.07080078125,-2.268034150203069,0.0014938205228342365,0.8545310410360495
653,1337344,96,-0.21985963057053737,1.2119301926728465,0.006269727309700102,0.07356770833333333,-2.2676760057608285,-0.00034364704818775255,1.303067034110427
654,1339392,96,-0.2589388820463882,1.2024496012860162,0.00387662875194413,0.036214192708333336,-2.2645858327547708,-0.00013059193346028528,2.5302185689409575
655,1341440,96,-0.29421493362872675,1.155641902475659,0.017658842688736815,0.16682942708333334,-2.2669758896032968,0.002127030437501768,0.5837420125802358
656,1343488,96,-0.3001705294173749,1.1366053538574183,0.005203437816817313,0.077392578125,-2.2738701601823172,0.0004983980325050652,0.4751569237560034
657,1345536,112,-0.36415865920016194,1.122221132301938,0.009635517868446186,0.125,-2.2818738520145416,0.0047958922999290126,1.3816707792381446
658,1347584,96,-0.297823760143702,1.0843474694478614,0.007174205161087836,0.11246744791666667,-2.279963582754135,-0.0002478595609621455,1.3933147626618545
659,1349632,96,-0.308878304004613,1.1172380136900988,0.0067481090760945035,0.10587565104166667,-2.2787833909193673,-0.0013384595125292738,0.9448176336785158
660,1351680,96,-0.31902806369231923,1.1175245635334592,0.005399708102534835,0.08056640625,-2.2853549222151437,-0.0009949724286949884,0.6757245920598507
661,1353728,96,-0.2902477618670225,1.0563311494000776,0.008004102807414407,0.115478515625,-2.2856696943442025,0.004788086022017524,0.5813894501576821
662,1355776,96,-0.28447966296292726,1.0075317558262786,0.004625264070151995,0.07120768229166667,-2.28365820646286,-0.0014174749667290598,0.5164262795199951
663,1357824,96,-0.28956599907232344,0.9866044219549637,0.005699019578363125,0.055826822916666664,-2.283928245306015,0.00045668164966627955,1.0561237235864003
664,1359872,96,-0.3115596368496025,0.9855046578287983,0.0057463653016990674,0.07470703125,-2.289994239807129,0.0015298192059465994,0.8668613160649935
665,1361920,96,-0.33511543399074945,1.0830647178301365,0.011442120933982855,0.13688151041666666,-2.2903595169385276,-0.000923065934330225,1.2188840520878632
666,1363968,96,-0.3328193044414636,1.1179136004913985,0.014532572095049545,0.144287109375,-2.2976436614990234,0.004173326742602512,1.473246014987429
667,1366016,112,-0.31064868725557404,1.1442759836733576,0.008103761666764816,0.08455403645833333,-2.305067857106527,-0.0019974728347733617,1.1518588960170746
668,1368064,96,-0.24253648027569427,1.1208151188797577,0.010449016457035517,0.11604817708333333,-2.3033028741677604,0.0049834395467769355,0.5183442750324806
669,1370112,96,-0.2464047802780623,1.0603511927088967,0.008994316818037381,0.09480794270833333,-2.305037389198939,0.0011806715629063547,0.7792809003343185
670,1372160,96,-0.2812323447824531,1.0557644868189164,0.005896392355983456,0.078125,-2.305008719364802,-0.0005745167630569389,1.0122642902036507
671,1374208,96,-0.295653401371552,1.0219829819555581,0.007095325059102227,0.13557942708333334,-2.3093231419722238,0.002469968399964273,0.582451943308115
672,1376256,96,-0.31355340136802917,1.0084686543615902,0.011966867624626806,0.15909830729166666,-2.3101949393749237,0.007328096204825367,0.5835672933608294
673,1378304,96,-0.2843858509643813,1.0277064372044522,0.0074692339888618635,0.060384114583333336,-2.3189327120780945,-0.0005687358207069337,0.6110392436385155
674,1380352,96,-0.21738861022202804,0.9922149058204597,0.009317004451683411,0.10042317708333333,-2.3287500540415444,-0.002516851544593616,0.5047078536202511
675,1382400,96,-0.17112579790897933,1.0136975836509972,0.006714745647817229,0.079345703125,-2.33902308344841,0.001974511809142617,0.6319665163755417
676,1384448,96,-0.1602298703465989,1.0668363268975396,0.007558259366002555,0.11319986979166667,-2.349942624568939,0.0019320360152050853,1.0369379029919703
677,1386496,96,-0.19501699220781477,1.081299628729787,0.00949043447811467,0.11735026041666667,-2.3479360342025757,-0.0002941545972134918,0.8680337617794672
678,1388544,112,-0.17155759159924208,1.0794472454042459,0.004164418448150779,0.06502278645833333,-2.3532303074995675,0.0013064667388486366,0.6095689715196689
679,1390592,96,-0.24170876714447104,1.0338396460374273,0.0075786219676956534,0.06640625,-2.363986372947693,-2.3167153509954613e-05,0.4316765001664559
680,1392640,96,-0.20128821051048132,1.015490016798094,0.009101651579840109,0.120361328125,-2.375684638818105,0.0032655789254931733,0.5539053188016018
681,1394688,96,-0.20520059118805534,0.9878019752808591,0.0045789808306532604,0.07234700520833333,-2.386414627234141,0.0006258182402234524,0.659378527974089
682,1396736,96,-0.2741953972223376,1.0342400281087782,0.015124115316818157,0.1416015625,-2.388099044561386,0.005735240828168268,1.2358448517819245
683,1398784,96,-0.279913962950594,1.0913726747636947,0.005912815501991038,0.060465494791666664,-2.3896266420682273,-0.0008288710572135946,0.7689413459350666
684,1400832,96,-0.32038131083172944,1.1263583509123465,0.012650735705392435,0.09488932291666667,-2.3931822180747986,-0.0026211931253783405,2.408249075214068
685,1402880,96,-0.3061824117521441,1.1142896579714445,0.004398757116481041,0.07438151041666667,-2.39600732922554,0.0028304749672921994,0.5435094417383274
686,1404928,96,-0.26389811193623536,1.082222848572626,0.017652024844816577,0.18375651041666666,-2.4037082493305206,0.007021844619885087,0.7124497120579084
687,1406976,96,-0.2335626700196591,1.0868914011067439,0.006431347011433293,0.062174479166666664,-2.4010061621665955,0.0005741882632719353,1.1373882504800956
688,1409024,112,-0.25721604658695396,1.0424159347201545,0.010138847457710654,0.11490885416666667,-2.395995944738388,0.0038608747612064085,0.7625529977182547
689,1411072,96,-0.2585284066992238,1.1050766566134136,0.009434679038046548,0.11873372395833333,-2.394831915696462,-0.0006152398879445778,1.3539472271998723
690,1413120,96,-0.31063214020262975,1.1457443928834736,0.0077557538558418555,0.08626302083333333,-2.3912706077098846,-0.0030537405788588026,1.6021174142758052
691,1415168,96,-0.3373203059749079,1.149613230813181,0.0064328587711012615,0.07071940104166667,-2.389489491780599,0.004837776815596347,1.325070571154356
692,1417216,96,-0.3039636711676962,1.1500916274355297,0.008113159458541,0.09993489583333333,-2.39859876036644,-0.00048747566567423445,1.509077354023854
693,1419264,96,-0.32551720083510544,1.1442543878176135,0.006630074543257554,0.076171875,-2.4090065956115723,0.0021449140428255,0.8236471277972063
694,1421312,96,-0.36057915798154655,1.1202686209367971,0.013706975393385315,0.15299479166666666,-2.41856649518013,0.004394389077788219,1.8255943755308788
695,1423360,96,-0.3668936431833718,1.0372227862556254,0.012408468707387025,0.1279296875,-2.424435923496882,0.004708993559082349,0.8676769460241
696,1425408,96,-0.39473804727074596,1.0412555777112555,0.012040286470437422,0.12736002604166666,-2.4280957678953805,0.004641168789627652,0.5791008497277895
697,1427456,96,-0.3871810941734594,1.0482186037895407,0.004660409099111955,0.0537109375,-2.4363558689753213,0.0022953450582766286,1.1697703053553898
698,1429504,96,-0.2969307598290438,1.0033851322595884,0.004191961808828637,0.07267252604166667,-2.450861245393753,-0.0011385370162315667,0.4011938876161973
699,1431552,112,-0.23713596580754892,1.0105761319781075,0.007716973729354019,0.10188802083333333,-2.457322339216868,0.002083678361183653,0.536379943912228
700,1433600,96,-0.24830836713511115,1.049386021693375,0.014470708246032396,0.14339192708333334,-2.451726277669271,-0.0015731224848423153,0.7108545067409674
701,1435648,96,-0.1905859952178101,1.0050059126936075,0.013157248167165866,0.147216796875,-2.4500583509604135,0.005556006741244346,0.5014660842716694
702,1437696,96,-0.19113879464907235,1.0017712689844733,0.008047653983036676,0.09879557291666667,-2.4612627228101096,-0.002806234493618831,0.45211133174598217
703,1439744,96,-0.23913094138446675,1.039167722943632,0.009022765754101178,0.09830729166666667,-2.4630863269170127,0.0016812746277234207,0.9176441126813492
704,1441792,96,-0.24127846484685594,1.0312293306335811,0.005783857816519837,0.09993489583333333,-2.45673934618632,0.0005021049485852321,0.6781964463492235
705,1443840,96,-0.26008833788465574,1.002565368047313,0.007843026154053708,0.07975260416666667,-2.456324060757955,0.00036698494416972,0.5532678309828043
706,1445888,96,-0.2917053779990425,1.0148517249814601,0.0036773774481844157,0.058675130208333336,-2.454310973485311,0.0007226831221487373,0.7393935347596804
707,1447936,96,-0.2800292583530486,1.0637445176448905,0.008628936377742017,0.08984375,-2.4504997630914054,-0.0006083408273601284,2.091938761373361
708,1449984,96,-0.23535930530034918,1.03340655357147,0.004576844095330064,0.059895833333333336,-2.4487527906894684,0.0009303180462059876,0.39226100593805313
709,1452032,112,-0.22956391034253731,1.0223753143459142,0.005139388473859678,0.058919270833333336,-2.4480371872584024,0.0007432541266704599,0.4532168184717496
710,1454080,96,-0.204122283569483,0.9978016975639615,0.00952680409924748,0.10611979166666667,-2.4419994056224823,0.0026151038570484766,0.42320045952995616
711,1456128,96,-0.24785494275457626,0.944495962856847,0.006180058378959075,0.07649739583333333,-2.434001396099726,0.0029405204210585603,0.5735444109886885
712,1458176,96,-0.29506729912273444,0.9699121885891602,0.01229798078808623,0.13297526041666666,-2.42990513642629,0.005431262669541563,0.6328411214053631
713,1460224,96,-0.2784563398948927,0.9813858855498466,0.010337670343384767,0.10310872395833333,-2.427600642045339,0.0005937064221749703,0.5914576078454653
714,1462272,96,-0.30720519963657333,1.014285006211947,0.005616955420312782,0.08821614583333333,-2.425194005171458,0.0009447267172314847,0.7009750747432312
715,1464320,96,-0.2509318624867049,0.9785603488308825,0.003886921079053233,0.11328125,-2.4292137722174325,-0.00246909034710067,0.46870511087278527
716,1466368,96,-0.26888108726778537,1.0153243494149071,0.0033181451144628227,0.0771484375,-2.4411418636639914,0.0005363833236818513,1.0984524513284366
717,1468416,96,-0.29718168638017556,1.0315700511014583,0.008081625041086227,0.10734049479166667,-2.4468422134717307,0.003905013329737509,0.6613489706069231
718,1470464,96,-0.3001077995193303,1.0400606810939013,0.008667046951207643,0.09423828125,-2.4450049897034964,0.0017034922978685547,0.8497255214800438
719,1472512,96,-0.27677667008215345,1.069443454219643,0.009993123259240141,0.10555013020833333,-2.4515513877073922,0.0053511303655492766,0.46101105213165283
720,1474560,112,-0.2347223479719076,1.0511543045690184,0.0038587493957796446,0.059977213541666664,-2.4471585154533386,-0.0015680738676261778,0.48000927083194256
721,1476608,96,-0.2196355820754461,1.0306538274842154,0.009751531363387281,0.14070638020833334,-2.4395133952299752,0.0009647159410330156,0.7548680243392786
722,1478656,96,-0.23926972256807258,1.0602923336335663,0.00676720646636871,0.10050455729166667,-2.436575949192047,0.0031730569705056646,0.7262008016308149
723,1480704,96,-0.27643972933022737,1.036581803205809,0.006446457632894938,0.09806315104166667,-2.4353129069010415,-0.002613285343007495,0.6699844660858313
724,1482752,96,-0.24118058738970127,1.0421818850676217,0.004411390468400593,0.08797200520833333,-2.431980768839518,0.0003151477624972661,0.6221472267061472
725,1484800,96,-0.2625053168846799,1.1045108703465412,0.00621032312240762,0.06388346354166667,-2.4351806541283927,0.0014632427676891286,2.29554096609354
726,1486848,96,-0.1869085742024982,1.0710743579733988,0.006845093535957858,0.099365234375,-2.438600222269694,0.002630153627251275,0.7326652066161236
727,1488896,96,-0.1437340115766528,1.121508583674528,0.005060396622866392,0.07625325520833333,-2.43258265654246,0.0013707140169572085,0.8046438557406267
728,1490944,96,-0.1778868642104299,1.1414515506272895,0.010490278315652782,0.09765625,-2.4246434768040976,0.0009172817420524856,1.0872035312155883
729,1492992,96,-0.1941326495072494,1.115462489696496,0.005484362996260946,0.06966145833333333,-2.4221640725930533,0.0020066148232823857,0.6160947382450104
730,1495040,112,-0.23932623621242463,1.0889366322825595,0.0031958752661012113,0.07771809895833333,-2.4324009915192923,-0.0007367414461138347,0.5380299557000399
731,1497088,96,-0.2919273153514602,1.0957717432589715,0.005032694559001054,0.0439453125,-2.4390885631243386,-0.0015009465957215677,2.2201756027837596
732,1499136,96,-0.28228028289199064,1.050628717102042,0.01057155393452073,0.12931315104166666,-2.4332247972488403,0.005278730163505922,0.5473107509315014
733,1501184,96,-0.2513844757810455,1.0057404367401876,0.006760707309391971,0.07535807291666667,-2.4271705547968545,0.001387469955564787,0.2986614654461543
734,1503232,96,-0.2822358677585701,1.0384146120701478,0.006402595618662114,0.08544921875,-2.424374649922053,0.0022303810255834833,0.8007863288124403
735,1505280,96,-0.2645124654105608,1.0693351198082677,0.010224545034967983,0.12646484375,-2.4210911293824515,0.00030043786197590333,1.1211061614255111
736,1507328,96,-0.19735954571537465,1.0439193852711257,0.012369064449255044,0.14070638020833334,-2.412184397379557,0.0016774333295567583,1.2345318781832855
737,1509376,96,-0.25112266052414667,1.0548604277774165,0.00537789646962968,0.06315104166666667,-2.416456719239553,-0.0012313228119940807,0.4348879636575778
738,1511424,96,-0.2622937932308121,1.0331136443581965,0.0038612505207614354,0.062337239583333336,-2.4261336624622345,-0.00023324963209840158,0.5759742328276237
739,1513472,96,-0.27705180699282206,1.005371634901412,0.013724608987104148,0.13037109375,-2.4291665653387704,0.0007987494949096193,0.5056820629785458
740,1515520,96,-0.3452808319099435,0.9866417035471506,0.0038659154379274696,0.058675130208333336,-2.4363908569018045,0.002132360707037151,0.4838902037590742
741,1517568,112,-0.3417324767515613,0.9772138377950199,0.009278809292785203,0.11507161458333333,-2.451383193333944,0.0007272286068958541,0.4262651664515336
742,1519616,96,-0.27708967402785073,0.972197094590325,0.010948109828556577,0.11783854166666667,-2.458575516939163,0.0017931484229241808,0.4190413945664962
743,1521664,96,-0.23990466911426345,0.9663445870274735,0.008199497717820728,0.088134765625,-2.4573301474253335,0.00020281237569482377,0.4150789591173331
744,1523712,96,-0.22183274776688544,1.0447903938400125,0.009403027235142266,0.13273111979166666,-2.4575158456961312,0.002884612258640118,1.276920411735773
745,1525760,96,-0.24907294857472193,1.0653917367488177,0.013576466095400974,0.12434895833333333,-2.464182734489441,0.002663837200088892,0.6730485570927461
746,1527808,96,-0.2749381325965885,1.1080322762063406,0.015549338383910557,0.16398111979166666,-2.4624897142251334,0.0020139930420555174,0.7792995621760687
747,1529856,96,-0.32706418596348186,1.1396293162707403,0.007467650604667142,0.10107421875,-2.4668525954087577,0.0010610220488160849,0.8451823803285757
748,1531904,96,-0.33980633894223006,1.1029515761009328,0.011769902455853298,0.137451171875,-2.4640962978204093,0.002242149106071641,0.7046498966713747
749,1533952,96,-0.32087674056034293,1.0444158090552897,0.006317564140772447,0.07511393229166667,-2.4574131667613983,0.00039553953683935106,0.34946394339203835
750,1536000,96,-0.29282375600344646,1.008318321641355,0.009751834605898088,0.117919921875,-2.45775713523229,0.0031241636412839093,0.6951405629515648
751,1538048,112,-0.3105901368833857,0.9400976515505272,0.007045467083419983,0.090576171875,-2.4579058289527893,0.0026944781420752406,0.5035061705857515
752,1540096,96,-0.31775100328784583,0.9241750446515442,0.006252841490398471,0.062337239583333336,-2.4574351410071054,0.0005299542002224674,0.7247589180866877
753,1542144,96,-0.28357905860412236,0.9993673663702975,0.0067580827259613825,0.09969075520833333,-2.451367845137914,-0.0010066521305513259,0.8171665115902821
754,1544192,96,-0.26796301119479304,0.9917992033291366,0.009498576022451743,0.10856119791666667,-2.4471851587295532,0.003008527540562985,0.5897185454765955
755,1546240,96,-0.19087565022712943,1.00944841904418,0.005806494348992904,0.07576497395833333,-2.454071660836538,0.0006391025381162763,0.3945867046713829
756,1548288,96,-0.21620176238684535,1.0057934740373597,0.008550508219438294,0.12150065104166667,-2.4601316452026367,0.002442645801541706,0.569475474456946
757,1550336,96,-0.1907496063547601,0.9656987291240233,0.004430818614006664,0.06640625,-2.46208863457044,-0.00014567262648294368,0.672506295144558
758,1552384,96,-0.2337380210656293,0.9771432256189037,0.020662834052927792,0.18448893229166666,-2.464506904284159,0.007127816740345831,0.5765321012586355
759,1554432,96,-0.27468884242272656,0.9980539628213717,0.005659951013512909,0.07958984375,-2.4714595476786294,0.0013461993269932766,0.5725500838210186
760,1556480,96,-0.2493360476801329,0.9990196580549445,0.005944465568366771,0.0908203125,-2.4770533740520477,0.0030401469654558846,0.4491704838971297
761,1558528,96,-0.2924748509501701,1.0467046488618488,0.007805631311687951,0.099365234375,-2.478071560462316,0.001697285653790459,0.8825431807587544
762,1560576,112,-0.2907718598083242,1.0583505404348006,0.010610910539980978,0.11515299479166667,-2.469359556833903,0.002067195270986607,0.7004000681142012
763,1562624,96,-0.3122134272158394,1.077038913302131,0.012306804196365798,0.11702473958333333,-2.4594612618287406,0.0032741406612331048,0.8325843270868063
764,1564672,96,-0.27792507941268485,1.0713012557233392,0.004768001507424439,0.06339518229166667,-2.463313639163971,-0.0004951390534794579,0.49004544503986835
765,1566720,96,-0.27758792676905736,1.0568741443194083,0.01328894829687973,0.17317708333333334,-2.4699851274490356,0.0047570017535084235,1.4358925229559343
766,1568768,96,-0.2603978606633504,0.9779639237616387,0.005810495514500265,0.10660807291666667,-2.4713151355584464,-0.0005429697145397464,0.4323260659972827
767,1570816,96,-0.22554127750447242,0.9941387744498371,0.009359187077886114,0.12386067708333333,-2.4698155522346497,0.003961668922177826,0.8084168552110592
768,1572864,96,-0.25187229489660795,1.0292440403127352,0.0045944437248787535,0.07722981770833333,-2.4689137836297355,0.0011404734977986664,0.7794483974575996
769,1574912,96,-0.24831156877104527,1.012402527803673,0.011274835473159328,0.12247721354166667,-2.47043576836586,0.00021820662853618464,0.5943785731991132
770,1576960,96,-0.27768354740548623,1.0688212653206821,0.006404771770273025,0.07486979166666667,-2.4691303968429565,0.0023888986615929753,0.4592682768901189
771,1579008,96,-0.2694515474817824,1.040025770579813,0.005071034693780045,0.06974283854166667,-2.481346388657888,-0.00029477154021151364,0.376006867736578
772,1581056,112,-0.2863113756744678,0.9889850872790175,0.0105256959310888,0.12394205729166667,-2.4928659896055856,0.0045476982098383205,0.5955174552897612
773,1583104,96,-0.2667201521123996,1.0168562693568117,0.011323375530385723,0.13199869791666666,-2.496536393960317,0.0024534016265533864,1.3158006432155769
774,1585152,96,-0.2316273065735427,0.9979909406560575,0.00555962147579218,0.08317057291666667,-2.499832361936569,-0.00022423380869440734,0.44710036056737107
775,1587200,96,-0.2333045189598959,1.0070408540109264,0.006064342179646094,0.07967122395833333,-2.5017088750998178,0.0007622846945499381,0.44278887410958606
776,1589248,96,-0.20967209617536053,1.025418986968968,0.011969727580435574,0.158935546875,-2.5039742092291513,0.004227212397381663,0.5700171981006861
777,1591296,96,-0.15625392538779054,0.9958379720097914,0.0052982905084112035,0.048909505208333336,-2.506722499926885,0.0001309801785585781,0.32033647131174803
778,1593344,96,-0.20335188159312012,0.9954541419215258,0.007415605592541397,0.050211588541666664,-2.4986481269200644,0.0011290950157369177,0.5091244596987963
779,1595392,96,-0.2041267755921266,0.9864439140617944,0.00591837251946951,0.07242838541666667,-2.498671213785807,0.0011049005552195013,0.41213216197987396
780,1597440,96,-0.1993245170494222,1.0063765212011584,0.009266897201693306,0.09212239583333333,-2.5023555854956308,-0.0016353171085938811,0.5149774396171173
781,1599488,96,-0.27690287912955025,1.0191671774120195,0.010790320850598315,0.15372721354166666,-2.4914118150870004,0.004547086243595307,0.6393415089696646
782,1601536,96,-0.2578302161851266,0.9940633737857726,0.008110150423211357,0.09806315104166667,-2.4892117083072662,0.003991507284808904,0.3885367630670468
783,1603584,112,-0.3187926595873579,1.011033268350176,0.018258407876904432,0.18473307291666666,-2.490809917449951,0.0038810647747595794,0.9351859521120787
784,1605632,96,-0.2955864650570038,0.9863025248330124,0.010795725858770311,0.10791015625,-2.4843533635139465,0.004024749830326376,0.6593340169638395
785,1607680,96,-0.2589002255149948,0.9690489238129546,0.009124488734717792,0.09944661458333333,-2.4866855243841806,0.0014967261425529916,0.26413166398803395
786,1609728,96,-0.2663932089257306,0.9908510706168563,0.01607346796663478,0.183349609375,-2.4983778496583304,0.006956826895475388,0.49135341743628186
787,1611776,96,-0.2575114077927227,1.027699552778006,0.0072051260600953055,0.104248046875,-2.4976562162240348,0.0019860202349567166,1.8271297421306372
788,1613824,96,-0.28075986563845085,1.0172735690933865,0.007707502741444235,0.07088216145833333,-2.5013016959031424,-0.0003415623990197976,0.45413778722286224
789,1615872,96,-0.35051054659229736,1.0488588654057944,0.008474578188421825,0.09065755208333333,-2.5073937475681305,-0.0010243811533049059,0.8889965862035751
790,1617920,96,-0.3827379260872008,1.1060622947564986,0.004239444582102199,0.08561197916666667,-2.503084659576416,-0.0011013875676629443,0.7278572159508864
791,1619968,96,-0.3145383640157597,1.0378947282886832,0.002840718467875073,0.048990885416666664,-2.498108188311259,0.0002698529181846728,0.45427473820745945
792,1622016,96,-0.27000572607214307,1.040741825956368,0.00496697651882035,0.08268229166666667,-2.4971119860808053,0.0027087651105830446,0.2992314783235391
793,1624064,112,-0.16989815205995862,0.992542134577383,0.010439982589256639,0.08642578125,-2.4913337230682373,0.0005863100717154642,0.39220500489075977
794,1626112,96,-0.18584471705599565,0.9690824210052923,0.01083734399677875,0.1171875,-2.479212095340093,0.0017409567954018712,0.8659855425357819
795,1628160,96,-0.18007079607168863,0.9489563822383438,0.00986713067201587,0.09708658854166667,-2.4741799533367157,-0.0005544352655609449,0.2839969036479791
796,1630208,96,-0.15634724828004892,0.939222892539611,0.01278078201964187,0.15690104166666666,-2.470829556385676,0.0018841394727739196,0.35968655658264953
797,1632256,96,-0.19699484638596854,0.9629502383621918,0.007987779652466998,0.06990559895833333,-2.4651374022165933,0.0016838880255818367,0.45193825537959736
798,1634304,96,-0.19707237279936676,0.9628035873495225,0.004836149048060179,0.09309895833333333,-2.4719021717707315,0.0018068177547926705,0.6819259052475294
799,1636352,96,-0.20750721940552824,0.9924049638181348,0.010187895590206608,0.13126627604166666,-2.4750870962937674,0.00311821824288927,0.435678335527579
800,1638400,96,-0.2895490956751759,1.010054615589302,0.006581633118912578,0.08251953125,-2.473244587580363,0.0008485805932044362,0.8195819904406866
801,1640448,96,-0.2737083651288441,1.0075890348633125,0.005312371766194701,0.06005859375,-2.460280805826187,-0.0007483216468244791,0.6229213091234366
802,1642496,96,-0.2710527323461173,1.0101255490419203,0.012900984681133801,0.13631184895833334,-2.457274297873179,0.004844835192974036,0.4199677786479394
803,1644544,96,-0.2884348691941196,1.000548512363039,0.013453795952955261,0.13126627604166666,-2.459718336661657,0.003502875340927858,0.33530733827501535
804,1646592,112,-0.2914654340659503,0.983470996654597,0.004590384274100264,0.070068359375,-2.4476069112618766,-0.0018572376963372033,0.37933657070000965
805,1648640,96,-0.27072000535151225,0.9867558612350338,0.004228503676131368,0.0556640625,-2.438094198703766,0.00021159424795769155,0.49307227445145446
806,1650688,96,-0.2636370709053715,0.9791237336637626,0.008505189451777065,0.10148111979166667,-2.4444726407527924,-6.441951457721491e-05,0.4884559145818154
807,1652736,96,-0.24242815229944426,1.0449440768282796,0.007774848587966214,0.11897786458333333,-2.449594388405482,0.000429139220310996,2.2904752480487027
808,1654784,96,-0.2432386346912331,1.2102459940902195,0.0024117263092193753,0.037516276041666664,-2.4432274599870047,-0.001401780464220792,2.373035912712415
809,1656832,96,-0.2786033023189496,1.2405611288073801,0.005818275065394118,0.08553059895833333,-2.439688821633657,0.0026332481550828866,1.4464571550488472
810,1658880,96,-0.2992518657629349,1.282861085251194,0.007308972844233115,0.08317057291666667,-2.4515627324581146,-2.025348173143963e-05,0.540372783318162
811,1660928,96,-0.2945864822650382,1.2570128165765981,0.004663062194595113,0.088134765625,-2.453889181216558,-0.001143441933284824,0.4637375921010971
812,1662976,96,-0.2861399468761405,1.1519572200988317,0.011181035913371792,0.1298828125,-2.449854930241903,0.003288962170093631,0.8980684839189053
813,1665024,96,-0.2934519752860458,1.1350672291598563,0.009081623439366618,0.08170572916666667,-2.4366733928521476,-0.0006312478896385679,0.6652942604074875
814,1667072,112,-0.2671544749944487,1.1101506727091004,0.00929962118001034,0.10481770833333333,-2.4254568914572396,0.002251500942899535,1.5027858546624582
815,1669120,96,-0.27690528337804277,1.0966570747535973,0.006898566061863676,0.072265625,-2.42494989434878,-0.0018767367970819275,0.5819994173943996
816,1671168,96,-0.26606685995435464,1.1120897106028034,0.012202665044848496,0.15478515625,-2.4287993013858795,0.002585234489136686,1.3830751397957404
817,1673216,96,-0.2651589181592822,1.1078317338900716,0.0066340430251633125,0.07828776041666667,-2.4266992708047233,0.0025940919488978884,1.2087508955349524
818,1675264,96,-0.28968709728865183,1.0818606594977518,0.014052627132817483,0.17423502604166666,-2.428850839535395,0.006573171529453248,0.5634630608061949
819,1677312,96,-0.3009306160437435,1.078536085184384,0.006222118652658537,0.056070963541666664,-2.4350464840730033,0.00034573369096809375,0.529018472880125
820,1679360,96,-0.29915839531224214,1.0330806154984438,0.007895136863226071,0.12272135416666667,-2.442194789648056,0.002862837165594101,0.5109201471010844
821,1681408,96,-0.26851693881239064,1.0288650676422761,0.009862606646493077,0.12027994791666667,-2.447212586800257,0.0027541703990815827,0.6246694636841615
822,1683456,96,-0.23553909589139252,1.019541375426121,0.00861818374445041,0.09969075520833333,-2.4556299348672233,-0.0007981521145363027,1.0766559801995754
823,1685504,96,-0.27701921422294257,1.0546175612771183,0.008885072437503064,0.08463541666666667,-2.4548401633898416,0.002014632113665963,0.9775489332775275
824,1687552,96,-0.23056783525415325,1.0651903587945784,0.008709956998548781,0.08772786458333333,-2.446901241938273,0.0010974753410361397,0.42848147948582965
825,1689600,112,-0.2462287170872859,1.0309299839883785,0.006835355122651284,0.08268229166666667,-2.4483998914559684,0.00031482377865662176,0.41218554228544235
826,1691648,96,-0.2118589464111612,0.9797944695296185,0.007577480728893231,0.10359700520833333,-2.459401379028956,0.002935400310282906,0.4367471430450678
827,1693696,96,-0.1978134163781784,0.9328508138522061,0.005848090038246785,0.080810546875,-2.4600093265374503,-0.001201964575254048,0.36919749217728776
828,1695744,96,-0.22646369682015036,0.8983239903596149,0.0057214085924594356,0.06412760416666667,-2.457739700873693,-0.0016915634623728693,0.2795160834987958
829,1697792,96,-0.24920915912923058,1.106658041531247,0.013158035299663121,0.11572265625,-2.4602012435595193,0.000498540272625784,4.472301982343197
830,1699840,96,-0.30174081291171895,1.1315677970841898,0.006875598318098734,0.08040364583333333,-2.456293652455012,0.0009692950213017563,1.0411221856872241
831,1701888,96,-0.3047673044978152,1.1518089337691486,0.0043782802822533995,0.08406575520833333,-2.456249256928762,0.00015743200007515648,0.6757442411035299
832,1703936,96,-0.2868781219458286,1.1970752072923174,0.007516012556152418,0.08870442708333333,-2.461719165245692,0.0007696882821619511,0.4634494812538226
833,1705984,96,-0.2779511973588542,0.9943003308907148,0.008213638803378368,0.09073893229166667,-2.4701831340789795,-0.0003853949795787533,0.34811433342595893
834,1708032,96,-0.3089620024111235,1.0632600586866257,0.006426472207143282,0.09415690104166667,-2.4752798775831857,0.0024148032534867525,1.5538434914002817
835,1710080,112,-0.31876740249930774,1.033602183836005,0.00524230973678641,0.08048502604166667,-2.481237302223841,0.0024103147031079666,0.5134102037797371
836,1712128,96,-0.3202315913753591,1.0519905470620252,0.006303049459044511,0.060302734375,-2.4907926619052887,0.00010022123266632359,0.6688721521447102
837,1714176,96,-0.2974013544877598,1.131435065191038,0.007779347225247572,0.06673177083333333,-2.491975247859955,-0.0006479626390500925,1.1392976281543572
838,1716224,96,-0.2876700885605844,1.0797754946005875,0.013007984089199454,0.15861002604166666,-2.487749566634496,0.006968764238990843,0.9729557440926632
839,1718272,96,-0.2831951626277566,1.1497654067596033,0.011583870529041937,0.13142903645833334,-2.4900453090667725,0.0023390208856047443,1.7228972030182679
840,1720320,96,-0.28371631829422367,1.1327080933580784,0.0062239623415128635,0.071533203125,-2.4959630568822226,-0.000748559134081006,0.5889729335904121
841,1722368,96,-0.2958414000140614,1.1439395858024395,0.014978686561031887,0.15462239583333334,-2.4999895294507346,0.0012468230464340497,1.6272573346892993
842,1724416,96,-0.31959325165791197,1.1473364782606654,0.008720583224203438,0.10782877604166667,-2.4945458273092904,0.001498744454390059,0.6716429144144058
843,1726464,96,-0.28719238500032396,1.1227783889953515,0.017387075912362587,0.20817057291666666,-2.4925799667835236,0.004573544002293299,1.1538060940802097
844,1728512,96,-0.24697276281080363,1.042922223335492,0.01724993499616782,0.15861002604166666,-2.4963060120741525,0.0070728221714186175,0.4758900540570418
845,1730560,96,-0.2594835403722307,1.036634012233604,0.007096856143713619,0.080078125,-2.5011231303215027,-0.0016446741259035964,0.4411067192753156
846,1732608,112,-0.22514045596954588,0.943904175075478,0.007893431010112787,0.107421875,-2.5026787718137107,0.0003383127429212133,0.704691377778848
847,1734656,96,-0.2145589514593309,0.8707840006493441,0.004108452015013124,0.056315104166666664,-2.499850700298945,-0.0006183477332039425,0.33359171884755295
848,1736704,96,-0.25584806854640485,0.9424147256522163,0.010500049703599265,0.08829752604166667,-2.4978781044483185,0.002800117785227485,1.0953101894507806
849,1738752,96,-0.21449160218679497,0.9729440747376724,0.014923602226190269,0.17277018229166666,-2.4962311883767447,0.0065815127357685315,0.9224294026692709
850,1740800,96,-0.20572009777888225,0.9826700896527413,0.011154755125365531,0.147705078125,-2.503181258837382,0.0037809763841020563,0.5393792993078629
851,1742848,96,-0.22784341556332371,1.014818945027185,0.007130544768491139,0.08870442708333333,-2.5133466124534607,0.0022059757817866434,0.39633076824247837
852,1744896,96,-0.2844824824525996,0.9600776076104341,0.015331684136375165,0.15096028645833334,-2.518368194500605,0.006889238012566541,0.42530103338261444
853,1746944,96,-0.24240397736495964,0.8911984075812576,0.0228455832208662,0.21435546875,-2.5253617564837136,0.006042891026784976,0.34947787659863633
854,1748992,96,-0.23078455277904708,0.9091810305070214,0.007445802931518604,0.08138020833333333,-2.531628886858622,-0.001243129789751644,0.4895895204196374
855,1751040,96,-0.24993281439045315,0.9090941581384802,0.013818093614342311,0.1630859375,-2.5293012658754983,0.005725372039402525,0.4185012908031543
856,1753088,112,-0.22198084707542917,0.9673917766106064,0.004873956078275417,0.111328125,-2.522923916578293,0.00016654936674361429,0.6558739114552736
857,1755136,96,-0.2366014943284965,0.9924199907846262,0.00872099736200956,0.10799153645833333,-2.5205907622973123,0.0005224882528030624,0.5610297750681639
858,1757184,96,-0.22915082931780117,0.9703475971408321,0.0068014857824891806,0.10205078125,-2.519999235868454,0.0025154229757996895,0.4969035529841979
859,1759232,96,-0.2813114267964487,0.9805251107520844,0.00622133951401338,0.10091145833333333,-2.515881816546122,0.0013042909170811374,0.7466878208021323
860,1761280,96,-0.28663686129051774,0.9406887866971076,0.012939963936029622,0.14217122395833334,-2.5131692389647164,0.0035957512736786157,0.5664506691197554
861,1763328,96,-0.24933817216203516,0.9303707285601964,0.015509514826893186,0.13004557291666666,-2.511865089337031,0.003872926269347469,0.3079854557290673
862,1765376,96,-0.2243662911010661,0.9181156149177913,0.015477669978281483,0.1494140625,-2.5108065009117126,0.0043692076287698,0.22727265985061726
863,1767424,96,-0.1954723434483815,0.8939601387756619,0.0053391139178226394,0.09318033854166667,-2.5034266312917075,-0.00017029481629530588,0.552582430963715
864,1769472,96,-0.18521609257733107,0.8977997913421881,0.008379669452551752,0.10286458333333333,-2.5018734534581504,2.8589711291715503e-05,0.3956266747166713
865,1771520,96,-0.25458188865395764,0.8533687564740888,0.007184052607044578,0.07609049479166667,-2.5124161541461945,-8.998348979124178e-05,0.40868778340518475
866,1773568,96,-0.322267301746858,0.9281957756256066,0.007332687557209283,0.07731119791666667,-2.520918150742849,0.0001230501802638173,1.0528089900811513
867,1775616,112,-0.30546084848988064,0.9799909552670341,0.01698405182105489,0.19287109375,-2.5193332533041635,0.009480835316935554,1.1999225293596585
868,1777664,96,-0.29053633694662584,1.0035975207708956,0.00961152047966607,0.13020833333333334,-2.5177446405092874,0.005772577540483326,0.48825081810355186
869,1779712,96,-0.23134277156249594,1.0628955410215464,0.008429829991655424,0.10953776041666667,-2.5161576569080353,-0.0012631113640964031,0.9248462536682686
870,1781760,96,-0.22058759710160047,1.083231931818265,0.011250957089941949,0.10847981770833333,-2.5201134979724884,-0.005439321665714185,1.1263825992743175
871,1783808,96,-0.2449682644615413,1.032710665201383,0.008207247893248374,0.10172526041666667,-2.5267573992411294,0.0024624106614889265,0.40288400401671726
872,1785856,96,-0.3145265925415211,1.0005722739756797,0.0072262617662393796,0.08870442708333333,-2.528944989045461,0.0016624154037951182,0.45822114932040375
873,1787904,96,-0.3271670544015302,0.9464416369333405,0.012891133471081654,0.16097005208333334,-2.5216022531191506,0.003959283009559537,0.5477683196465174
874,1789952,96,-0.32469273771997675,0.8868610020643355,0.005156908358912915,0.08333333333333333,-2.5154594083627067,0.0011293864711963881,0.536034726848205
875,1792000,96,-0.35143531242760345,0.9074722954887898,0.007771755665695916,0.072021484375,-2.516553779443105,0.002356810582568869,0.5394406995425621
876,1794048,96,-0.28807447516421303,0.9060124634192043,0.006582866345221798,0.10734049479166667,-2.51526141166687,-0.0003220265304359297,0.3106338723252217
877,1796096,112,-0.26466747057320333,0.9780414694748052,0.00761110558717822,0.11287434895833333,-2.505655070145925,-0.0028435178101062775,0.8606604679177204
878,1798144,96,-0.27006256001297346,1.0119575276768686,0.008518778660800308,0.085693359375,-2.496423383553823,0.0012095879840975006,0.721111428613464
